transaction_id,amount,reason_code,merchant_category,days_since_transaction,account_age_days,previous_chargebacks_count,customer_communication_count,has_delivery_confirmation,has_signed_receipt,refund_already_issued,avs_match,cvv_match,won_dispute
TXN100000,63.89,subscription_cancelled,travel,67,118,0,1,1,1,0,1,0,1
TXN100001,106.99,product_not_received,subscription,106,189,0,1,1,0,0,1,1,1
TXN100002,94.91,subscription_cancelled,apparel,13,1119,0,0,1,1,0,1,1,1
TXN100003,124.02,duplicate_charge,digital_goods,119,1644,0,0,1,0,1,1,1,1
TXN100004,215.15,fraud,general,25,417,0,1,1,0,0,1,1,1
TXN100005,176.55,credit_not_processed,general,49,682,1,1,1,0,0,1,1,1
TXN100006,176.59,subscription_cancelled,digital_goods,109,974,0,0,1,1,0,1,1,1
TXN100007,50.05,subscription_cancelled,apparel,86,313,0,2,0,1,0,1,1,0
TXN100008,103.9,fraud,apparel,102,439,0,1,0,0,0,1,1,0
TXN100009,358.54,product_unacceptable,travel,82,371,1,2,0,0,0,0,1,1
TXN100010,328.72,product_not_received,travel,72,2385,1,0,1,0,0,1,1,1
TXN100011,149.15,credit_not_processed,apparel,21,2341,0,3,1,0,0,1,1,1
TXN100012,265.53,duplicate_charge,electronics,119,1571,1,2,1,1,0,1,1,1
TXN100013,201.97,subscription_cancelled,digital_goods,76,1709,1,1,1,0,1,1,1,0
TXN100014,285.26,product_unacceptable,subscription,80,342,0,2,0,1,0,1,1,1
TXN100015,273.36,product_not_received,electronics,51,126,1,2,1,0,0,1,1,1
TXN100016,158.0,product_unacceptable,digital_goods,114,942,2,1,0,0,0,1,1,1
TXN100017,232.38,fraud,electronics,54,2460,0,0,1,0,0,1,1,1
TXN100018,211.25,subscription_cancelled,apparel,23,1194,1,1,0,0,1,1,1,0
TXN100019,161.05,duplicate_charge,travel,22,2019,1,3,0,1,0,1,1,1
TXN100020,136.94,subscription_cancelled,apparel,84,924,0,2,1,0,1,1,1,1
TXN100021,456.28,product_not_received,apparel,89,772,0,3,0,1,0,1,1,1
TXN100022,161.2,credit_not_processed,general,25,2030,1,3,0,0,0,1,0,1
TXN100023,254.62,credit_not_processed,apparel,84,1177,0,2,1,0,0,1,1,1
TXN100024,433.99,subscription_cancelled,apparel,119,1829,0,2,1,0,1,0,1,1
TXN100025,232.12,fraud,general,64,1816,0,0,0,0,1,1,1,0
TXN100026,225.09,product_unacceptable,travel,116,1817,0,0,1,0,0,1,1,0
TXN100027,161.87,fraud,electronics,19,1690,0,1,1,0,0,1,1,0
TXN100028,213.87,fraud,digital_goods,48,2023,0,0,0,1,0,0,1,1
TXN100029,128.55,duplicate_charge,travel,67,1157,0,2,1,1,0,1,1,1
TXN100030,741.77,subscription_cancelled,apparel,43,757,0,3,1,0,0,1,1,1
TXN100031,51.09,credit_not_processed,travel,12,1280,0,3,1,1,1,1,1,1
TXN100032,143.32,product_not_received,travel,55,811,1,1,1,0,1,1,1,0
TXN100033,234.72,product_not_received,apparel,41,108,1,2,1,1,0,1,1,1
TXN100034,225.23,product_unacceptable,subscription,25,904,0,1,1,1,0,1,1,1
TXN100035,128.39,fraud,digital_goods,45,1251,1,1,1,0,0,1,1,1
TXN100036,35.96,fraud,general,50,1300,1,2,1,1,1,1,1,1
TXN100037,58.78,product_unacceptable,electronics,106,850,0,1,1,0,0,1,1,1
TXN100038,185.35,product_not_received,apparel,59,1813,0,2,0,0,1,1,1,0
TXN100039,26.71,duplicate_charge,subscription,50,712,0,0,1,1,0,1,1,1
TXN100040,246.01,product_not_received,general,47,1618,0,0,1,1,0,1,1,1
TXN100041,347.02,subscription_cancelled,apparel,72,674,0,2,1,0,0,1,1,1
TXN100042,275.87,duplicate_charge,general,33,2466,0,1,1,0,0,1,1,1
TXN100043,312.86,product_not_received,apparel,105,1622,0,1,0,0,0,1,1,1
TXN100044,27.73,subscription_cancelled,digital_goods,50,1392,1,1,1,0,0,0,0,1
TXN100045,132.24,subscription_cancelled,apparel,51,1073,1,1,1,0,0,0,1,1
TXN100046,72.05,product_not_received,digital_goods,8,1889,0,1,1,0,0,1,0,1
TXN100047,41.8,product_not_received,general,106,1064,0,2,0,1,0,1,1,1
TXN100048,112.3,duplicate_charge,subscription,57,2008,1,0,1,1,1,1,1,1
TXN100049,427.11,fraud,subscription,17,397,0,2,1,1,0,1,1,1
TXN100050,503.74,fraud,apparel,21,2050,0,0,1,0,0,1,1,1
TXN100051,80.06,fraud,general,44,2404,1,2,0,0,0,1,1,0
TXN100052,169.51,subscription_cancelled,digital_goods,93,606,0,1,1,0,0,1,1,1
TXN100053,211.79,duplicate_charge,travel,12,559,1,0,0,1,0,1,1,1
TXN100054,132.95,duplicate_charge,subscription,15,2387,0,3,1,1,0,0,1,1
TXN100055,363.37,subscription_cancelled,travel,67,1015,1,0,1,0,0,1,0,1
TXN100056,113.63,product_unacceptable,travel,60,1738,0,2,1,1,1,1,1,1
TXN100057,99.42,product_unacceptable,digital_goods,114,475,0,0,1,0,0,1,1,1
TXN100058,83.62,fraud,travel,90,1068,1,1,0,0,1,1,1,0
TXN100059,132.25,fraud,general,79,1757,0,2,1,0,0,1,1,1
TXN100060,12.0,duplicate_charge,digital_goods,40,2237,0,2,1,0,1,1,1,1
TXN100061,137.02,product_unacceptable,travel,75,1090,0,2,1,0,0,1,1,1
TXN100062,177.02,product_unacceptable,apparel,70,187,0,1,1,1,0,1,1,1
TXN100063,185.04,subscription_cancelled,digital_goods,34,1034,0,2,1,0,0,1,1,1
TXN100064,68.42,duplicate_charge,subscription,45,1607,0,0,1,0,0,0,1,1
TXN100065,182.55,product_unacceptable,travel,111,2187,0,1,0,0,0,1,1,0
TXN100066,179.87,product_unacceptable,apparel,65,2084,0,2,0,0,0,1,0,0
TXN100067,182.71,product_not_received,travel,57,1898,0,5,1,1,0,1,1,0
TXN100068,279.46,fraud,subscription,95,413,0,1,0,1,1,1,1,0
TXN100069,66.01,product_not_received,electronics,32,1299,0,2,1,0,1,1,0,1
TXN100070,134.15,fraud,electronics,27,1440,0,0,1,1,0,0,0,0
TXN100071,33.72,product_not_received,digital_goods,118,1171,0,2,1,0,0,0,1,1
TXN100072,262.32,subscription_cancelled,travel,96,2307,1,1,0,1,0,1,1,1
TXN100073,75.09,product_not_received,apparel,51,2399,0,1,1,0,1,1,1,1
TXN100074,308.57,fraud,subscription,113,525,0,0,1,1,0,1,1,1
TXN100075,315.79,product_not_received,general,45,2391,1,1,1,1,0,0,1,1
TXN100076,144.14,product_not_received,travel,81,2116,1,2,1,0,1,1,0,0
TXN100077,138.59,duplicate_charge,digital_goods,5,1761,0,0,1,0,0,1,1,1
TXN100078,47.14,product_unacceptable,electronics,84,953,0,0,0,0,0,1,1,1
TXN100079,165.58,subscription_cancelled,subscription,22,1900,1,1,0,0,0,1,1,1
TXN100080,277.83,duplicate_charge,general,29,1465,2,2,1,0,0,1,1,1
TXN100081,198.99,product_not_received,digital_goods,97,2247,0,0,1,0,0,1,0,1
TXN100082,392.22,subscription_cancelled,travel,25,1778,0,0,1,0,0,1,0,1
TXN100083,122.61,fraud,subscription,58,2410,0,0,1,0,0,1,1,1
TXN100084,122.48,fraud,subscription,110,1048,0,1,0,1,1,1,1,0
TXN100085,79.4,fraud,electronics,114,205,0,1,0,0,0,1,1,1
TXN100086,564.42,subscription_cancelled,subscription,53,1229,1,2,1,0,1,1,1,1
TXN100087,46.74,product_unacceptable,general,10,2493,1,1,1,0,0,1,1,1
TXN100088,264.53,fraud,subscription,35,1637,0,4,1,1,0,1,0,1
TXN100089,281.68,product_unacceptable,digital_goods,74,1757,0,2,1,0,1,1,0,0
TXN100090,273.69,fraud,travel,41,1563,0,1,0,0,0,1,1,1
TXN100091,84.97,duplicate_charge,apparel,86,1481,1,2,1,0,0,1,1,1
TXN100092,144.08,product_unacceptable,travel,119,153,1,3,1,0,0,1,0,0
TXN100093,239.37,product_not_received,apparel,74,1032,0,1,1,1,0,1,1,1
TXN100094,100.87,product_not_received,digital_goods,75,216,1,2,1,0,0,1,0,1
TXN100095,129.43,duplicate_charge,apparel,64,840,1,1,1,0,1,0,1,1
TXN100096,102.27,product_not_received,digital_goods,23,1799,0,1,1,0,0,1,1,1
TXN100097,173.8,fraud,digital_goods,69,2010,0,0,1,0,0,1,0,1
TXN100098,165.71,fraud,electronics,111,559,0,2,0,0,0,1,1,1
TXN100099,438.3,credit_not_processed,subscription,83,1636,1,1,1,0,1,1,1,0
TXN100100,242.96,credit_not_processed,digital_goods,90,566,0,1,1,1,0,1,1,1
TXN100101,56.96,duplicate_charge,general,103,501,0,0,1,0,0,1,1,1
TXN100102,61.02,product_not_received,apparel,47,2399,0,0,1,0,0,1,1,0
TXN100103,267.71,credit_not_processed,subscription,41,1524,1,0,0,0,0,1,1,1
TXN100104,164.43,subscription_cancelled,apparel,116,493,1,0,1,1,0,1,1,1
TXN100105,543.0,duplicate_charge,travel,55,352,0,5,0,0,0,1,1,1
TXN100106,542.0,product_unacceptable,digital_goods,88,123,0,1,0,1,0,1,0,0
TXN100107,79.02,product_not_received,digital_goods,76,1242,0,0,1,1,0,1,1,1
TXN100108,201.13,fraud,travel,15,253,1,3,1,1,0,1,1,1
TXN100109,61.68,credit_not_processed,subscription,38,1458,0,1,1,0,0,1,1,1
TXN100110,264.66,product_unacceptable,apparel,39,1084,1,2,1,1,0,1,1,1
TXN100111,479.41,fraud,general,22,1589,1,3,1,1,0,1,1,1
TXN100112,181.89,product_not_received,apparel,93,518,0,0,0,1,0,1,1,1
TXN100113,119.34,product_unacceptable,apparel,115,363,0,3,0,0,1,1,1,0
TXN100114,215.69,fraud,apparel,115,251,2,0,1,0,0,1,1,1
TXN100115,302.13,subscription_cancelled,general,24,238,0,3,1,0,0,1,1,1
TXN100116,303.49,subscription_cancelled,electronics,54,180,0,1,1,1,0,0,1,1
TXN100117,120.36,duplicate_charge,digital_goods,28,646,0,2,0,1,0,0,1,1
TXN100118,98.89,product_not_received,digital_goods,8,2001,0,1,1,0,0,1,1,1
TXN100119,193.63,duplicate_charge,subscription,74,1517,0,1,1,1,0,1,1,1
TXN100120,126.55,duplicate_charge,digital_goods,103,625,1,0,0,0,0,1,1,0
TXN100121,363.46,duplicate_charge,general,10,2329,0,1,1,1,0,1,1,1
TXN100122,125.4,fraud,subscription,77,1902,1,4,1,0,0,1,1,1
TXN100123,172.6,product_not_received,subscription,5,1947,0,1,1,1,0,0,1,1
TXN100124,211.98,fraud,subscription,101,2246,1,0,0,0,1,1,1,0
TXN100125,48.29,product_unacceptable,electronics,8,1864,0,1,0,1,1,1,1,0
TXN100126,105.57,product_not_received,digital_goods,52,2391,0,1,0,0,0,1,1,1
TXN100127,527.63,fraud,travel,15,825,1,1,1,0,0,0,0,0
TXN100128,293.65,fraud,apparel,50,2140,0,3,0,1,0,1,1,1
TXN100129,124.13,duplicate_charge,electronics,52,279,0,1,1,0,1,1,1,1
TXN100130,265.4,fraud,electronics,65,750,0,0,1,0,0,1,1,1
TXN100131,359.52,credit_not_processed,subscription,99,2229,0,1,0,0,0,1,1,0
TXN100132,139.12,duplicate_charge,travel,119,333,0,2,0,1,1,1,1,0
TXN100133,284.33,product_not_received,apparel,41,1252,1,2,0,1,0,1,1,1
TXN100134,257.8,duplicate_charge,subscription,110,851,3,2,1,0,1,1,1,0
TXN100135,62.56,fraud,subscription,51,251,0,2,0,1,0,0,1,1
TXN100136,139.7,credit_not_processed,subscription,15,589,1,2,1,0,0,1,1,1
TXN100137,445.84,product_unacceptable,general,72,1337,0,0,1,1,0,1,1,1
TXN100138,517.95,subscription_cancelled,general,87,1576,0,3,0,0,1,1,1,0
TXN100139,295.26,fraud,apparel,36,1688,0,2,1,0,0,0,1,1
TXN100140,102.8,product_unacceptable,subscription,71,328,0,2,1,0,0,1,1,0
TXN100141,20.37,product_unacceptable,digital_goods,52,799,1,2,1,0,0,1,1,1
TXN100142,92.12,credit_not_processed,digital_goods,18,260,0,1,0,1,0,1,1,1
TXN100143,55.43,product_unacceptable,travel,46,23,0,4,0,0,0,1,0,0
TXN100144,467.36,product_unacceptable,travel,51,976,1,0,0,1,0,1,1,1
TXN100145,32.95,product_not_received,digital_goods,41,1554,0,2,1,1,0,1,1,1
TXN100146,64.06,product_not_received,general,109,927,1,0,1,1,0,1,1,1
TXN100147,190.82,product_unacceptable,apparel,47,100,0,1,1,1,0,1,1,1
TXN100148,163.59,product_not_received,electronics,75,549,0,2,0,1,0,1,1,1
TXN100149,431.59,fraud,electronics,2,1081,0,1,0,1,0,1,1,1
TXN100150,247.06,subscription_cancelled,subscription,38,889,1,0,1,1,0,1,1,1
TXN100151,147.37,credit_not_processed,digital_goods,106,2061,1,1,0,0,0,1,1,1
TXN100152,367.86,fraud,digital_goods,107,1494,0,3,1,1,0,1,1,1
TXN100153,121.45,product_unacceptable,travel,117,2497,0,2,1,1,0,1,1,1
TXN100154,454.58,fraud,digital_goods,7,438,0,1,1,0,1,1,0,1
TXN100155,82.31,duplicate_charge,travel,103,925,1,0,0,0,1,1,1,0
TXN100156,159.27,product_not_received,electronics,32,218,0,1,0,0,0,1,1,1
TXN100157,23.61,duplicate_charge,electronics,1,50,1,5,1,1,0,1,1,1
TXN100158,305.56,subscription_cancelled,general,12,2309,0,4,0,1,0,1,1,1
TXN100159,183.24,subscription_cancelled,digital_goods,90,1232,0,1,1,0,0,1,1,1
TXN100160,455.38,fraud,apparel,71,1649,0,1,1,0,0,1,1,1
TXN100161,135.93,credit_not_processed,digital_goods,69,690,1,1,1,1,1,1,1,0
TXN100162,47.64,product_not_received,digital_goods,105,128,1,2,1,0,0,1,1,1
TXN100163,225.74,fraud,apparel,12,2231,1,3,0,1,0,1,1,0
TXN100164,108.04,product_unacceptable,apparel,10,1646,0,2,0,0,0,0,1,1
TXN100165,276.75,product_not_received,subscription,112,1778,1,2,1,0,0,1,1,1
TXN100166,83.74,subscription_cancelled,electronics,73,1333,0,4,0,0,0,0,1,0
TXN100167,403.36,subscription_cancelled,apparel,93,1010,1,2,0,0,0,1,1,1
TXN100168,172.51,product_not_received,digital_goods,63,1055,0,3,1,0,1,1,1,1
TXN100169,147.8,credit_not_processed,travel,18,1905,0,2,1,0,1,1,1,1
TXN100170,385.87,product_not_received,general,63,568,0,3,0,1,1,1,1,1
TXN100171,308.59,product_unacceptable,general,115,853,1,3,1,1,0,1,1,1
TXN100172,93.43,product_not_received,apparel,15,768,0,3,0,1,0,1,1,0
TXN100173,302.65,credit_not_processed,travel,16,1304,1,1,1,0,0,0,1,1
TXN100174,261.96,fraud,electronics,42,2419,0,0,1,0,1,1,1,0
TXN100175,154.03,fraud,travel,55,2306,1,3,1,0,0,1,1,1
TXN100176,286.47,product_not_received,electronics,75,1362,0,1,1,1,0,1,1,1
TXN100177,402.19,credit_not_processed,electronics,19,500,1,0,0,0,0,1,1,1
TXN100178,157.4,credit_not_processed,subscription,112,2351,1,1,1,1,0,0,1,1
TXN100179,157.79,subscription_cancelled,apparel,18,782,0,0,0,1,0,1,0,1
TXN100180,151.54,credit_not_processed,digital_goods,24,890,0,1,1,0,0,1,0,1
TXN100181,90.41,credit_not_processed,electronics,116,2213,0,1,0,0,0,1,0,1
TXN100182,156.2,product_unacceptable,subscription,45,658,1,0,0,1,0,1,1,1
TXN100183,143.7,product_not_received,subscription,69,1154,0,2,0,1,1,1,1,0
TXN100184,137.54,subscription_cancelled,travel,52,2291,0,0,1,0,0,0,1,1
TXN100185,135.99,duplicate_charge,general,31,794,0,2,1,1,0,1,1,1
TXN100186,63.91,product_not_received,digital_goods,61,1560,0,0,1,0,0,1,0,1
TXN100187,329.46,fraud,apparel,93,93,0,1,1,1,0,1,0,1
TXN100188,105.44,subscription_cancelled,electronics,2,2488,0,0,1,0,0,0,0,0
TXN100189,417.05,product_not_received,apparel,105,1047,2,3,1,1,0,1,1,1
TXN100190,76.11,credit_not_processed,apparel,22,1675,1,0,0,0,1,1,1,0
TXN100191,479.83,product_not_received,apparel,110,1251,0,3,1,1,0,1,1,1
TXN100192,126.0,fraud,apparel,115,1084,0,0,1,1,0,1,0,1
TXN100193,305.12,subscription_cancelled,travel,112,1015,1,2,1,0,0,1,1,0
TXN100194,181.97,fraud,electronics,78,44,0,1,1,0,0,1,1,0
TXN100195,56.54,fraud,travel,108,693,1,3,0,0,0,1,1,1
TXN100196,59.2,duplicate_charge,digital_goods,103,951,1,3,0,1,0,1,1,1
TXN100197,98.63,credit_not_processed,subscription,77,922,1,2,1,1,0,0,0,0
TXN100198,120.61,fraud,travel,107,683,0,4,0,0,0,1,1,1
TXN100199,161.07,product_not_received,general,41,1606,1,1,1,0,0,1,1,1
TXN100200,210.54,subscription_cancelled,digital_goods,100,2072,1,0,0,1,1,1,1,0
TXN100201,145.98,credit_not_processed,apparel,111,2228,0,3,0,1,0,1,1,1
TXN100202,202.71,product_unacceptable,travel,76,2430,0,0,0,0,0,1,1,0
TXN100203,226.42,fraud,travel,15,1624,1,1,1,1,0,1,1,1
TXN100204,141.19,fraud,digital_goods,26,1027,1,0,1,0,0,1,1,1
TXN100205,259.05,product_not_received,travel,21,1615,0,2,1,0,1,1,1,1
TXN100206,299.19,fraud,digital_goods,64,330,0,1,1,1,0,1,1,0
TXN100207,230.45,duplicate_charge,apparel,52,2042,1,1,0,1,1,1,1,1
TXN100208,239.57,fraud,apparel,99,1337,1,0,1,0,0,1,1,1
TXN100209,190.19,product_unacceptable,general,34,412,0,2,1,0,0,1,1,1
TXN100210,348.67,duplicate_charge,subscription,20,1064,0,6,1,0,0,0,1,1
TXN100211,163.79,duplicate_charge,electronics,74,752,0,0,1,0,0,1,1,1
TXN100212,100.05,fraud,general,17,873,0,5,1,1,0,1,1,1
TXN100213,167.34,subscription_cancelled,subscription,108,126,0,1,0,0,0,0,0,0
TXN100214,57.4,duplicate_charge,electronics,10,40,1,1,0,0,1,1,1,0
TXN100215,51.53,subscription_cancelled,subscription,59,874,1,0,1,1,0,0,1,1
TXN100216,300.15,fraud,travel,113,754,0,1,0,0,0,1,1,0
TXN100217,421.48,fraud,general,66,2497,1,3,0,0,0,1,1,0
TXN100218,129.01,credit_not_processed,digital_goods,97,656,0,3,0,1,0,1,1,1
TXN100219,302.08,product_not_received,travel,51,823,0,3,0,0,1,1,1,0
TXN100220,29.3,product_not_received,apparel,90,2288,0,2,1,0,0,1,1,1
TXN100221,230.95,product_unacceptable,apparel,85,2149,1,1,0,0,0,0,1,0
TXN100222,164.27,duplicate_charge,travel,62,142,0,1,1,1,0,1,1,1
TXN100223,466.72,credit_not_processed,subscription,12,214,1,3,1,1,0,1,1,1
TXN100224,147.91,product_not_received,general,116,237,1,1,0,0,1,1,1,0
TXN100225,71.49,credit_not_processed,subscription,6,1149,0,1,0,0,0,1,1,0
TXN100226,45.4,fraud,travel,43,1431,0,2,0,1,0,1,1,1
TXN100227,167.25,product_unacceptable,travel,77,878,0,0,0,0,0,1,1,0
TXN100228,189.92,duplicate_charge,digital_goods,92,32,0,1,0,0,0,1,1,1
TXN100229,141.31,fraud,subscription,64,503,0,4,1,0,0,1,0,1
TXN100230,306.6,fraud,apparel,48,1536,0,2,0,0,0,1,1,1
TXN100231,392.09,product_not_received,apparel,49,931,0,3,1,1,0,1,1,1
TXN100232,127.95,credit_not_processed,general,117,308,0,3,1,0,0,1,1,1
TXN100233,34.54,duplicate_charge,travel,40,1628,0,4,0,0,0,1,1,1
TXN100234,203.53,credit_not_processed,digital_goods,102,1533,0,3,0,1,0,0,1,1
TXN100235,353.29,subscription_cancelled,general,7,1225,0,1,0,1,0,1,1,1
TXN100236,128.38,product_unacceptable,general,79,2350,0,1,0,0,0,1,1,1
TXN100237,239.54,subscription_cancelled,apparel,81,2110,0,2,1,1,0,1,1,1
TXN100238,67.17,fraud,travel,81,99,0,3,1,1,0,1,1,1
TXN100239,200.09,fraud,digital_goods,51,2262,0,2,0,0,0,1,1,1
TXN100240,242.55,subscription_cancelled,subscription,83,124,1,1,0,1,1,1,1,1
TXN100241,204.05,subscription_cancelled,general,53,1204,0,1,0,1,1,1,1,0
TXN100242,547.07,product_not_received,travel,71,2254,0,2,1,0,0,0,1,0
TXN100243,418.16,product_unacceptable,subscription,107,2454,0,0,1,1,0,1,1,1
TXN100244,269.68,duplicate_charge,travel,81,56,0,1,1,1,0,1,1,1
TXN100245,331.6,credit_not_processed,general,88,180,1,1,1,0,0,1,1,1
TXN100246,199.11,duplicate_charge,digital_goods,116,603,2,0,1,0,0,1,1,1
TXN100247,159.07,product_not_received,digital_goods,27,690,1,1,1,1,0,1,1,1
TXN100248,118.24,product_not_received,digital_goods,70,698,1,2,0,0,0,1,1,1
TXN100249,65.96,product_not_received,general,79,1041,0,0,1,0,1,1,1,0
TXN100250,430.81,duplicate_charge,travel,83,797,0,2,1,1,1,1,1,1
TXN100251,560.86,credit_not_processed,electronics,16,1456,0,1,1,1,0,1,1,1
TXN100252,170.16,product_unacceptable,electronics,91,2134,0,2,1,0,0,1,1,1
TXN100253,172.27,product_not_received,travel,24,1364,1,2,1,0,0,1,1,1
TXN100254,249.49,product_not_received,subscription,49,829,1,2,1,1,0,1,1,1
TXN100255,148.41,subscription_cancelled,digital_goods,85,1419,0,2,0,1,0,1,1,1
TXN100256,73.21,subscription_cancelled,travel,32,1551,0,0,1,0,0,0,1,1
TXN100257,55.93,fraud,subscription,15,2240,0,1,0,0,0,0,1,0
TXN100258,548.18,fraud,travel,81,2368,0,2,0,0,0,1,1,1
TXN100259,39.28,duplicate_charge,general,34,693,0,0,0,0,1,1,1,0
TXN100260,209.49,fraud,travel,99,2295,0,4,1,0,0,1,1,1
TXN100261,44.08,subscription_cancelled,subscription,107,2042,1,0,1,1,0,1,1,0
TXN100262,153.84,product_not_received,subscription,42,320,1,0,1,0,1,1,1,1
TXN100263,127.46,fraud,travel,88,1395,0,1,1,1,0,1,1,1
TXN100264,50.69,credit_not_processed,electronics,27,380,2,0,1,1,0,1,1,1
TXN100265,255.44,fraud,digital_goods,111,1226,1,4,1,1,0,1,1,1
TXN100266,68.99,product_not_received,electronics,30,111,1,2,0,0,0,1,1,1
TXN100267,44.93,fraud,travel,105,748,0,1,1,1,0,1,1,1
TXN100268,274.77,fraud,electronics,94,1470,1,2,0,0,0,1,0,0
TXN100269,127.89,fraud,travel,38,760,0,1,0,0,0,1,1,0
TXN100270,91.57,fraud,digital_goods,99,25,0,1,1,1,0,1,1,1
TXN100271,286.23,fraud,electronics,76,971,0,0,0,1,0,1,1,1
TXN100272,66.08,fraud,electronics,80,1352,1,0,1,1,0,1,1,1
TXN100273,35.42,duplicate_charge,travel,46,1908,0,1,1,0,0,1,1,1
TXN100274,375.07,duplicate_charge,electronics,28,341,0,2,1,1,0,0,1,1
TXN100275,499.38,product_not_received,general,83,1191,1,2,1,0,0,1,1,1
TXN100276,150.86,product_not_received,subscription,7,496,0,1,1,1,1,1,1,0
TXN100277,149.38,product_unacceptable,subscription,42,384,1,1,1,0,0,1,1,0
TXN100278,297.32,credit_not_processed,apparel,17,304,1,1,1,1,0,1,1,1
TXN100279,350.56,subscription_cancelled,subscription,1,1899,0,0,1,1,1,1,1,1
TXN100280,72.54,fraud,travel,1,2298,0,2,1,0,0,0,1,1
TXN100281,132.65,fraud,digital_goods,12,1658,0,0,1,1,0,1,1,1
TXN100282,198.16,product_not_received,electronics,112,945,0,4,1,1,0,1,1,1
TXN100283,285.87,product_not_received,travel,92,2373,0,0,1,0,0,1,0,1
TXN100284,265.71,product_unacceptable,subscription,118,1242,0,1,1,0,0,1,0,1
TXN100285,237.42,product_not_received,electronics,10,1323,0,2,0,0,0,1,0,1
TXN100286,349.96,fraud,electronics,119,1586,0,1,0,0,0,1,1,0
TXN100287,158.9,product_not_received,digital_goods,72,1636,0,1,1,0,0,1,1,1
TXN100288,433.39,product_unacceptable,travel,95,1230,1,1,1,1,0,1,1,1
TXN100289,108.23,fraud,digital_goods,103,1198,0,5,1,0,0,0,1,1
TXN100290,268.54,subscription_cancelled,digital_goods,32,794,1,4,0,0,0,1,1,1
TXN100291,120.62,fraud,apparel,89,1701,0,1,0,1,0,1,1,1
TXN100292,152.49,credit_not_processed,electronics,78,1680,0,2,1,1,1,1,0,0
TXN100293,170.5,fraud,electronics,50,1090,1,0,1,0,0,0,1,0
TXN100294,115.47,subscription_cancelled,electronics,59,1780,0,1,1,1,0,1,1,1
TXN100295,360.11,credit_not_processed,subscription,25,344,0,1,0,0,0,1,1,0
TXN100296,125.14,credit_not_processed,subscription,23,1040,1,1,1,1,1,1,1,1
TXN100297,164.24,subscription_cancelled,digital_goods,110,2466,1,4,1,0,0,1,1,0
TXN100298,247.53,subscription_cancelled,electronics,88,1834,0,0,1,0,0,1,1,1
TXN100299,703.18,duplicate_charge,digital_goods,68,1800,0,0,0,1,0,0,1,0
TXN100300,253.73,subscription_cancelled,general,83,2158,1,1,1,0,0,1,0,1
TXN100301,174.84,fraud,apparel,49,1521,0,3,1,0,0,1,1,1
TXN100302,30.09,product_unacceptable,digital_goods,30,1656,1,2,1,0,0,1,1,1
TXN100303,149.52,product_unacceptable,travel,113,1203,0,1,1,0,0,1,1,1
TXN100304,100.23,subscription_cancelled,apparel,118,2065,0,3,1,1,0,1,1,1
TXN100305,131.34,product_unacceptable,digital_goods,26,1778,0,0,0,0,0,0,1,0
TXN100306,118.72,product_not_received,digital_goods,96,1308,0,0,1,0,0,1,1,1
TXN100307,245.84,duplicate_charge,digital_goods,53,316,0,1,1,1,0,0,1,1
TXN100308,147.2,product_not_received,subscription,85,2015,0,2,1,0,0,1,1,0
TXN100309,82.29,fraud,travel,13,815,1,1,1,0,1,1,1,1
TXN100310,305.71,product_unacceptable,electronics,58,897,1,1,1,0,0,1,1,1
TXN100311,60.37,product_not_received,electronics,15,311,0,2,1,1,0,1,1,1
TXN100312,169.13,product_not_received,digital_goods,97,542,0,1,0,0,0,1,1,0
TXN100313,150.32,product_not_received,general,48,315,1,1,1,1,0,0,1,1
TXN100314,213.77,product_not_received,electronics,32,243,0,4,0,1,0,1,1,1
TXN100315,352.38,product_not_received,electronics,84,53,0,3,0,0,0,1,1,0
TXN100316,772.24,product_not_received,subscription,114,736,0,1,1,1,0,1,1,1
TXN100317,174.76,duplicate_charge,digital_goods,41,1889,0,0,0,1,0,1,1,1
TXN100318,98.95,product_not_received,apparel,86,2159,0,1,0,1,0,1,1,1
TXN100319,91.63,credit_not_processed,apparel,83,568,2,1,1,1,0,1,1,1
TXN100320,91.29,credit_not_processed,travel,59,1059,0,0,0,0,0,1,1,0
TXN100321,208.35,product_unacceptable,travel,96,2080,0,2,1,0,0,1,1,1
TXN100322,24.01,product_not_received,travel,16,1767,0,2,0,1,0,0,1,1
TXN100323,57.29,product_unacceptable,apparel,105,2261,0,1,1,0,0,0,1,1
TXN100324,208.49,subscription_cancelled,travel,49,1051,1,2,1,0,0,1,1,0
TXN100325,315.94,duplicate_charge,general,6,421,0,1,1,0,1,1,1,0
TXN100326,317.19,subscription_cancelled,apparel,118,358,0,1,1,0,1,1,1,0
TXN100327,180.71,product_unacceptable,digital_goods,93,1772,0,2,1,1,0,1,1,1
TXN100328,289.19,duplicate_charge,electronics,98,65,2,1,0,0,0,1,1,1
TXN100329,356.46,product_not_received,travel,18,1150,1,2,0,1,0,1,1,1
TXN100330,123.72,subscription_cancelled,electronics,90,883,1,1,1,0,0,0,0,1
TXN100331,332.74,fraud,apparel,84,2297,0,2,1,0,1,1,1,0
TXN100332,41.72,duplicate_charge,subscription,108,2495,0,0,1,0,0,1,1,1
TXN100333,55.91,credit_not_processed,electronics,45,1211,0,1,0,0,0,1,1,1
TXN100334,129.39,fraud,general,111,1450,1,1,1,0,0,1,1,1
TXN100335,37.02,duplicate_charge,digital_goods,85,947,3,0,0,0,1,1,1,0
TXN100336,248.6,fraud,digital_goods,31,1942,0,1,1,0,0,1,1,1
TXN100337,110.06,subscription_cancelled,travel,26,736,1,2,0,1,1,0,1,1
TXN100338,151.49,fraud,travel,108,1860,0,2,1,1,0,1,1,1
TXN100339,155.64,credit_not_processed,digital_goods,77,2259,1,0,1,1,0,0,1,0
TXN100340,126.94,fraud,general,15,429,0,1,1,0,0,1,1,1
TXN100341,90.83,credit_not_processed,general,15,565,1,0,0,0,0,1,1,0
TXN100342,240.46,subscription_cancelled,apparel,99,945,1,0,1,0,0,1,1,0
TXN100343,108.26,duplicate_charge,subscription,21,2069,0,1,0,0,0,1,1,1
TXN100344,154.14,subscription_cancelled,apparel,27,1602,0,0,1,0,0,1,1,1
TXN100345,215.27,subscription_cancelled,general,74,485,0,2,0,0,0,1,1,0
TXN100346,354.51,credit_not_processed,apparel,103,920,0,1,1,1,0,1,1,1
TXN100347,336.16,product_not_received,apparel,41,1608,2,1,1,0,1,1,1,0
TXN100348,115.85,duplicate_charge,subscription,80,2411,0,2,1,0,0,1,1,1
TXN100349,87.08,fraud,subscription,84,1127,0,0,1,1,1,1,1,1
TXN100350,402.71,duplicate_charge,electronics,72,186,0,2,1,1,0,0,1,1
TXN100351,107.8,fraud,travel,82,261,0,5,1,1,0,1,1,0
TXN100352,233.85,product_unacceptable,digital_goods,28,71,0,1,0,0,0,1,1,0
TXN100353,35.2,product_unacceptable,travel,74,314,0,0,1,1,0,1,1,1
TXN100354,23.39,product_unacceptable,travel,1,1031,0,1,1,1,0,1,1,1
TXN100355,174.63,product_unacceptable,general,87,703,0,2,0,0,1,1,1,0
TXN100356,139.13,subscription_cancelled,general,95,752,1,2,1,0,0,1,1,0
TXN100357,276.08,subscription_cancelled,travel,95,1916,0,1,0,0,0,1,1,0
TXN100358,91.68,product_unacceptable,subscription,4,1192,0,1,1,1,0,1,1,1
TXN100359,204.07,duplicate_charge,general,109,1822,0,2,1,0,1,1,1,1
TXN100360,266.17,credit_not_processed,apparel,52,1354,1,0,1,1,0,1,1,1
TXN100361,94.65,fraud,subscription,10,512,1,1,1,0,0,1,1,1
TXN100362,129.28,fraud,subscription,64,2370,0,3,1,0,0,1,1,1
TXN100363,65.72,fraud,electronics,69,1190,0,1,0,0,1,1,1,0
TXN100364,282.83,duplicate_charge,general,48,2090,0,2,0,0,0,1,1,1
TXN100365,242.6,product_not_received,subscription,90,242,0,1,1,1,0,1,1,1
TXN100366,255.14,subscription_cancelled,digital_goods,65,2123,0,2,0,0,0,1,1,0
TXN100367,138.7,duplicate_charge,digital_goods,26,1789,0,1,0,0,0,1,1,1
TXN100368,239.75,product_not_received,digital_goods,74,624,0,0,1,1,0,1,1,1
TXN100369,148.02,credit_not_processed,general,32,1983,0,1,0,0,0,1,1,1
TXN100370,448.01,subscription_cancelled,general,15,1856,0,2,0,0,1,1,1,0
TXN100371,164.67,product_not_received,subscription,32,2233,0,1,0,0,1,1,1,1
TXN100372,323.35,product_not_received,travel,108,524,1,3,0,1,0,1,1,0
TXN100373,139.28,product_not_received,electronics,69,2214,0,1,1,0,1,1,1,1
TXN100374,387.64,fraud,general,38,1905,0,1,0,0,0,1,1,0
TXN100375,86.9,fraud,electronics,44,844,0,2,0,1,0,1,1,0
TXN100376,222.35,credit_not_processed,apparel,103,876,1,3,1,0,0,1,1,1
TXN100377,101.08,product_not_received,electronics,80,636,2,2,1,0,1,1,1,0
TXN100378,197.93,product_not_received,general,93,1191,1,1,1,0,0,1,1,1
TXN100379,108.21,subscription_cancelled,digital_goods,73,2241,1,3,1,0,0,0,1,0
TXN100380,164.2,product_unacceptable,apparel,119,2094,1,1,1,1,0,1,0,1
TXN100381,120.65,credit_not_processed,electronics,79,365,0,1,1,0,0,1,1,1
TXN100382,259.78,subscription_cancelled,digital_goods,48,328,1,1,0,1,0,1,1,1
TXN100383,228.82,product_unacceptable,subscription,31,148,0,4,1,0,0,1,1,1
TXN100384,98.29,product_not_received,general,6,1535,0,2,1,1,0,1,1,1
TXN100385,96.1,credit_not_processed,travel,92,785,0,4,1,0,0,0,1,1
TXN100386,80.93,duplicate_charge,travel,112,1902,0,0,0,0,0,1,1,1
TXN100387,68.46,credit_not_processed,general,80,1900,0,2,1,0,0,0,1,1
TXN100388,271.77,fraud,general,58,494,0,0,1,1,1,1,1,1
TXN100389,77.25,subscription_cancelled,apparel,16,1735,1,0,1,1,0,1,1,1
TXN100390,209.72,duplicate_charge,general,77,1911,1,3,1,0,0,1,1,1
TXN100391,112.87,fraud,travel,24,2467,1,1,1,1,0,1,1,1
TXN100392,317.14,duplicate_charge,general,75,1806,1,3,0,1,0,1,1,1
TXN100393,519.23,duplicate_charge,electronics,36,898,0,0,1,1,0,1,1,1
TXN100394,9.1,fraud,electronics,104,2499,1,0,1,0,0,1,1,0
TXN100395,86.01,product_unacceptable,general,112,689,0,1,1,0,0,1,1,1
TXN100396,111.45,subscription_cancelled,subscription,28,2013,0,1,1,1,0,1,0,1
TXN100397,142.3,product_not_received,apparel,39,945,1,1,1,0,0,0,1,1
TXN100398,135.87,product_unacceptable,general,110,2337,0,0,1,1,0,1,1,1
TXN100399,55.22,product_unacceptable,electronics,3,1955,1,1,0,0,0,1,0,0
TXN100400,526.1,product_not_received,subscription,62,1499,0,2,0,1,0,1,1,1
TXN100401,139.6,credit_not_processed,apparel,17,535,0,2,1,0,1,1,1,0
TXN100402,228.12,subscription_cancelled,electronics,52,471,0,1,1,1,0,1,1,1
TXN100403,232.98,fraud,subscription,4,2369,0,0,1,1,0,1,1,1
TXN100404,44.81,credit_not_processed,general,17,2004,1,0,1,0,0,0,1,1
TXN100405,125.94,credit_not_processed,electronics,48,1281,2,1,1,0,0,1,1,1
TXN100406,271.76,product_not_received,electronics,8,2193,0,2,1,0,1,1,1,1
TXN100407,404.0,subscription_cancelled,travel,95,1957,0,1,1,1,0,1,1,1
TXN100408,127.96,fraud,electronics,69,969,1,0,0,0,1,1,1,1
TXN100409,52.56,credit_not_processed,subscription,54,2068,0,2,0,0,0,0,1,1
TXN100410,104.24,duplicate_charge,general,57,1990,0,5,1,0,0,1,1,0
TXN100411,123.83,duplicate_charge,subscription,100,1197,0,2,0,1,0,0,1,1
TXN100412,120.3,fraud,apparel,101,48,1,1,1,0,0,1,1,1
TXN100413,81.01,credit_not_processed,apparel,6,1853,0,1,0,1,0,1,1,0
TXN100414,47.71,fraud,subscription,82,849,0,0,1,1,0,1,1,1
TXN100415,65.18,product_not_received,electronics,56,911,0,2,1,1,1,1,1,1
TXN100416,104.95,fraud,travel,94,1784,0,2,0,1,0,0,0,0
TXN100417,268.7,subscription_cancelled,digital_goods,94,2027,3,3,0,0,0,1,1,1
TXN100418,340.2,fraud,subscription,85,219,0,1,0,0,0,1,0,0
TXN100419,177.44,credit_not_processed,apparel,81,2059,0,0,1,0,1,1,1,0
TXN100420,66.77,duplicate_charge,subscription,26,732,0,0,1,0,1,1,1,1
TXN100421,109.69,fraud,subscription,102,1415,1,2,1,0,0,1,1,0
TXN100422,24.48,fraud,apparel,84,2171,0,2,1,1,0,1,1,1
TXN100423,409.09,fraud,digital_goods,33,545,0,2,1,0,0,1,1,1
TXN100424,96.76,duplicate_charge,electronics,28,552,1,1,0,0,0,1,1,1
TXN100425,215.02,subscription_cancelled,digital_goods,60,2425,1,2,0,0,0,1,1,1
TXN100426,324.49,product_not_received,apparel,41,932,0,2,1,0,0,1,1,1
TXN100427,484.25,subscription_cancelled,electronics,81,2367,2,2,0,0,0,1,1,1
TXN100428,288.97,fraud,travel,49,892,0,2,1,0,0,1,1,1
TXN100429,119.73,subscription_cancelled,travel,21,1549,0,4,0,1,0,1,1,1
TXN100430,235.41,credit_not_processed,electronics,48,1275,1,0,1,1,0,1,1,1
TXN100431,472.7,subscription_cancelled,apparel,98,2459,0,3,0,0,0,1,1,1
TXN100432,96.04,duplicate_charge,electronics,99,1375,0,0,0,1,1,1,1,0
TXN100433,45.56,subscription_cancelled,subscription,38,1256,0,0,0,0,0,1,1,1
TXN100434,81.53,fraud,digital_goods,95,1165,1,1,1,0,0,1,1,1
TXN100435,224.65,fraud,electronics,12,938,0,0,0,0,0,1,1,0
TXN100436,122.1,fraud,apparel,118,1100,0,5,1,0,0,1,1,1
TXN100437,153.21,product_unacceptable,general,92,1151,0,1,1,1,1,1,1,0
TXN100438,251.27,subscription_cancelled,apparel,5,1909,0,3,0,1,0,1,1,1
TXN100439,80.05,duplicate_charge,subscription,84,114,0,0,1,1,0,1,1,1
TXN100440,147.69,subscription_cancelled,digital_goods,59,1252,0,1,0,0,1,1,1,0
TXN100441,108.2,fraud,apparel,106,1372,0,0,1,0,0,1,1,0
TXN100442,460.4,subscription_cancelled,apparel,29,1882,0,2,1,0,0,1,0,1
TXN100443,282.9,fraud,electronics,107,1665,0,0,1,0,0,0,1,1
TXN100444,122.74,product_not_received,subscription,104,1079,0,4,1,0,0,0,1,1
TXN100445,117.53,duplicate_charge,digital_goods,34,273,0,4,0,0,0,1,1,1
TXN100446,494.64,credit_not_processed,digital_goods,52,930,1,0,1,0,0,1,1,1
TXN100447,468.57,duplicate_charge,electronics,77,638,0,1,1,0,0,1,1,1
TXN100448,223.62,fraud,subscription,29,510,1,2,1,0,0,1,1,1
TXN100449,158.48,duplicate_charge,apparel,119,1802,0,3,1,1,0,1,1,1
TXN100450,56.12,fraud,travel,23,1195,0,0,1,1,0,1,1,1
TXN100451,82.13,credit_not_processed,general,30,1983,1,0,1,1,0,1,0,1
TXN100452,52.43,duplicate_charge,subscription,60,346,1,1,0,1,0,1,1,1
TXN100453,333.18,fraud,travel,57,2464,1,1,1,1,0,1,1,1
TXN100454,56.89,fraud,general,6,1183,1,1,1,1,1,1,1,1
TXN100455,116.37,fraud,apparel,109,633,1,2,0,1,0,1,1,0
TXN100456,29.28,credit_not_processed,general,29,907,0,2,1,1,0,1,1,1
TXN100457,41.52,product_unacceptable,travel,13,2103,1,0,0,0,0,1,0,0
TXN100458,259.18,subscription_cancelled,digital_goods,62,1774,1,0,0,0,0,1,1,0
TXN100459,200.24,duplicate_charge,apparel,111,430,0,2,1,0,0,1,1,0
TXN100460,162.7,product_unacceptable,subscription,1,2475,0,0,0,0,0,1,1,0
TXN100461,118.04,fraud,general,59,327,0,0,1,0,0,0,1,0
TXN100462,36.72,credit_not_processed,subscription,109,688,0,2,0,1,0,1,1,1
TXN100463,106.1,product_not_received,electronics,107,1823,0,0,1,1,0,1,1,1
TXN100464,141.14,product_unacceptable,digital_goods,21,1324,2,2,1,0,0,1,1,1
TXN100465,247.25,duplicate_charge,subscription,74,1114,0,0,1,0,0,1,1,1
TXN100466,321.0,duplicate_charge,digital_goods,100,2315,0,1,0,1,0,1,1,1
TXN100467,264.76,credit_not_processed,subscription,80,1984,1,1,0,1,0,1,1,1
TXN100468,199.39,fraud,subscription,79,2405,0,0,1,1,0,1,1,1
TXN100469,160.88,product_unacceptable,electronics,92,706,1,1,1,0,0,1,1,1
TXN100470,185.64,product_not_received,travel,54,2126,1,2,1,1,0,1,1,1
TXN100471,100.59,product_unacceptable,apparel,8,532,0,2,1,1,0,1,0,1
TXN100472,171.11,fraud,digital_goods,77,2014,0,0,1,1,0,1,1,1
TXN100473,140.53,fraud,digital_goods,75,1371,1,4,0,1,0,0,1,0
TXN100474,625.95,product_not_received,subscription,102,1494,1,1,0,0,0,0,1,0
TXN100475,189.02,product_not_received,general,110,288,1,1,1,1,0,1,0,1
TXN100476,22.54,product_not_received,digital_goods,41,2197,0,0,1,0,0,0,1,1
TXN100477,113.23,duplicate_charge,travel,114,696,1,1,0,0,0,1,1,0
TXN100478,129.15,duplicate_charge,travel,2,1495,1,3,1,1,0,1,0,1
TXN100479,289.37,product_not_received,travel,116,415,1,2,0,0,0,1,1,0
TXN100480,206.39,product_not_received,travel,17,2314,1,1,1,1,0,1,1,1
TXN100481,199.11,fraud,subscription,77,800,0,0,1,1,0,1,1,1
TXN100482,379.93,duplicate_charge,general,82,1906,0,2,1,0,0,0,1,1
TXN100483,469.99,product_not_received,subscription,76,1913,0,2,1,1,1,1,1,1
TXN100484,258.92,fraud,electronics,118,1375,0,2,1,1,0,1,1,1
TXN100485,120.05,product_not_received,digital_goods,66,301,1,1,0,1,0,1,1,1
TXN100486,122.86,product_unacceptable,digital_goods,16,699,0,1,1,0,0,0,1,0
TXN100487,348.16,product_not_received,travel,73,1529,0,1,1,0,0,1,1,1
TXN100488,122.57,product_unacceptable,travel,35,1339,2,0,1,0,0,1,1,0
TXN100489,152.97,product_unacceptable,subscription,73,1461,1,0,0,1,0,1,1,1
TXN100490,111.34,duplicate_charge,digital_goods,46,623,1,4,0,1,0,1,1,1
TXN100491,65.78,duplicate_charge,apparel,6,1345,0,0,1,0,0,1,1,1
TXN100492,594.67,duplicate_charge,digital_goods,76,213,0,2,1,0,0,1,1,1
TXN100493,153.74,product_not_received,general,11,1210,1,0,1,1,0,1,1,1
TXN100494,415.97,subscription_cancelled,apparel,40,228,0,2,1,1,0,1,1,1
TXN100495,123.85,product_unacceptable,electronics,74,1659,0,4,0,0,0,1,1,1
TXN100496,96.72,product_not_received,general,105,1416,1,2,0,0,0,1,1,1
TXN100497,244.08,duplicate_charge,apparel,38,2129,0,3,0,0,0,0,1,1
TXN100498,320.08,product_not_received,travel,36,1155,2,0,0,1,0,1,1,0
TXN100499,333.94,product_unacceptable,subscription,36,405,0,2,1,0,0,1,1,1
TXN100500,139.73,subscription_cancelled,apparel,69,588,0,1,0,1,0,0,1,1
TXN100501,261.73,credit_not_processed,digital_goods,24,2035,0,1,0,0,0,1,1,0
TXN100502,105.28,credit_not_processed,apparel,63,2395,0,1,1,0,0,1,1,1
TXN100503,169.53,product_unacceptable,electronics,96,153,0,1,1,0,0,1,1,1
TXN100504,129.75,product_unacceptable,electronics,10,1691,0,0,0,0,0,1,1,0
TXN100505,115.2,subscription_cancelled,apparel,115,1205,0,4,0,0,1,1,1,1
TXN100506,174.67,product_not_received,digital_goods,64,644,0,3,1,0,0,0,1,1
TXN100507,64.3,subscription_cancelled,travel,75,1278,0,1,1,0,0,1,1,1
TXN100508,302.68,product_unacceptable,electronics,74,2339,1,0,1,1,0,1,1,1
TXN100509,115.56,fraud,general,113,493,1,1,0,0,0,1,1,0
TXN100510,293.12,fraud,subscription,80,2092,0,1,1,0,0,1,1,0
TXN100511,76.31,subscription_cancelled,electronics,106,224,0,2,1,0,0,1,1,1
TXN100512,115.25,fraud,general,35,1801,0,1,1,0,1,1,1,0
TXN100513,64.11,product_not_received,electronics,26,187,1,1,1,1,0,1,1,1
TXN100514,62.06,product_not_received,travel,77,151,0,0,1,1,0,0,1,1
TXN100515,84.93,fraud,digital_goods,19,93,0,2,0,1,0,0,1,1
TXN100516,77.3,product_not_received,travel,14,2011,0,0,1,1,0,1,1,1
TXN100517,64.58,subscription_cancelled,general,26,1433,0,2,1,0,0,1,1,1
TXN100518,161.22,fraud,general,33,1725,0,0,0,0,0,1,1,1
TXN100519,240.82,subscription_cancelled,apparel,12,388,0,0,0,0,1,1,1,0
TXN100520,249.5,subscription_cancelled,travel,87,2303,0,0,0,0,0,1,1,1
TXN100521,34.15,product_not_received,general,70,2021,1,3,1,0,0,1,1,0
TXN100522,129.12,fraud,subscription,24,1221,1,1,1,1,0,1,1,1
TXN100523,119.56,duplicate_charge,general,34,2247,0,0,1,1,1,1,1,1
TXN100524,384.4,fraud,digital_goods,111,357,0,0,1,0,1,1,1,1
TXN100525,132.92,product_not_received,apparel,109,731,0,4,1,0,0,1,1,1
TXN100526,151.52,credit_not_processed,travel,15,121,0,3,1,1,1,1,1,1
TXN100527,46.53,credit_not_processed,subscription,73,411,2,0,0,1,0,1,1,1
TXN100528,83.11,subscription_cancelled,general,39,2103,0,2,0,1,1,1,1,1
TXN100529,43.98,product_not_received,subscription,43,1024,2,0,1,0,0,1,0,0
TXN100530,168.83,duplicate_charge,subscription,72,1613,0,0,1,0,0,1,1,1
TXN100531,392.47,duplicate_charge,travel,118,2203,1,2,1,1,0,0,1,1
TXN100532,85.48,product_not_received,apparel,70,1910,1,0,1,0,0,1,1,1
TXN100533,133.72,duplicate_charge,digital_goods,114,999,0,2,1,0,0,1,1,1
TXN100534,77.7,fraud,digital_goods,98,870,0,0,0,0,1,1,1,0
TXN100535,98.81,fraud,subscription,93,270,0,3,0,1,1,1,0,0
TXN100536,171.4,product_unacceptable,travel,95,2074,0,1,1,0,0,1,1,0
TXN100537,516.23,fraud,subscription,95,2461,0,3,1,0,0,1,0,1
TXN100538,379.8,fraud,electronics,31,1250,0,1,1,0,0,1,0,1
TXN100539,454.29,subscription_cancelled,subscription,117,1249,0,1,0,0,0,1,1,1
TXN100540,294.88,credit_not_processed,travel,110,2120,1,4,1,1,0,1,1,1
TXN100541,132.4,product_unacceptable,general,72,855,0,1,1,1,0,1,1,1
TXN100542,119.07,subscription_cancelled,digital_goods,85,1016,0,3,0,0,0,1,1,1
TXN100543,85.91,credit_not_processed,digital_goods,105,2234,1,5,1,0,0,1,1,1
TXN100544,130.81,fraud,electronics,19,948,0,0,0,1,0,1,0,0
TXN100545,396.13,product_unacceptable,subscription,8,2318,0,0,1,1,0,1,1,1
TXN100546,393.18,product_not_received,subscription,119,403,0,0,1,1,0,1,0,1
TXN100547,641.55,fraud,general,66,1242,1,2,0,0,0,1,1,0
TXN100548,180.64,subscription_cancelled,electronics,86,1224,1,0,1,0,0,1,1,0
TXN100549,56.07,product_not_received,apparel,60,766,2,3,1,1,0,1,1,1
TXN100550,230.0,product_unacceptable,general,62,2407,0,5,0,0,1,1,1,0
TXN100551,519.86,fraud,electronics,5,1206,0,2,1,0,0,1,1,1
TXN100552,430.52,fraud,travel,35,2197,0,5,1,1,0,1,1,1
TXN100553,108.83,credit_not_processed,digital_goods,11,548,1,1,1,1,0,1,1,1
TXN100554,60.78,fraud,general,52,872,0,0,0,0,0,1,1,1
TXN100555,59.32,product_not_received,general,3,1195,1,2,1,1,0,0,1,1
TXN100556,90.4,product_not_received,general,96,1409,0,1,0,0,1,1,1,0
TXN100557,101.65,product_unacceptable,apparel,35,573,1,3,0,0,1,1,1,0
TXN100558,125.03,duplicate_charge,travel,89,782,0,3,1,0,0,1,1,1
TXN100559,251.3,product_unacceptable,subscription,7,1555,0,0,1,0,0,1,1,1
TXN100560,121.78,fraud,general,4,696,0,0,0,0,0,0,1,0
TXN100561,164.02,product_not_received,electronics,51,1899,0,2,1,0,1,1,1,1
TXN100562,41.24,subscription_cancelled,general,94,1192,0,1,1,0,1,1,1,1
TXN100563,85.99,duplicate_charge,digital_goods,97,2423,0,0,1,0,1,1,1,1
TXN100564,82.81,duplicate_charge,electronics,65,594,1,6,1,0,0,1,1,1
TXN100565,35.12,duplicate_charge,travel,74,2106,0,1,1,1,0,1,1,1
TXN100566,119.45,subscription_cancelled,subscription,82,1225,0,2,1,0,0,1,1,0
TXN100567,41.52,fraud,electronics,81,215,0,0,0,1,0,1,1,1
TXN100568,113.06,product_not_received,electronics,89,1762,0,1,0,0,0,1,1,1
TXN100569,173.35,product_unacceptable,general,4,528,0,3,1,0,0,1,1,0
TXN100570,400.56,product_not_received,general,52,346,0,2,0,0,0,1,1,1
TXN100571,79.41,subscription_cancelled,electronics,100,1329,1,1,0,1,0,1,1,1
TXN100572,169.88,product_unacceptable,general,53,1964,1,4,0,0,0,1,1,0
TXN100573,95.5,subscription_cancelled,general,18,643,1,2,0,0,0,1,1,0
TXN100574,39.45,subscription_cancelled,general,80,1557,2,4,1,0,0,1,1,1
TXN100575,403.62,product_unacceptable,apparel,37,35,0,0,0,1,0,1,1,1
TXN100576,179.07,credit_not_processed,travel,61,461,3,0,0,0,0,1,1,1
TXN100577,221.9,duplicate_charge,general,62,1886,0,1,1,0,0,0,1,1
TXN100578,447.19,subscription_cancelled,general,83,32,0,0,1,0,0,0,1,1
TXN100579,112.63,product_not_received,travel,111,894,1,3,1,1,0,1,1,1
TXN100580,53.59,product_unacceptable,apparel,83,1269,0,0,1,1,0,1,1,1
TXN100581,78.47,product_unacceptable,electronics,119,165,0,2,1,1,1,1,1,1
TXN100582,49.34,fraud,apparel,3,2446,0,2,1,0,1,1,1,1
TXN100583,332.26,product_not_received,electronics,94,1272,1,1,0,0,1,1,1,0
TXN100584,532.93,credit_not_processed,apparel,50,846,1,2,0,0,0,1,1,0
TXN100585,172.0,duplicate_charge,electronics,87,2443,0,1,1,1,0,1,1,1
TXN100586,256.18,fraud,subscription,11,1396,0,3,1,1,0,1,1,1
TXN100587,303.29,product_not_received,travel,63,1696,0,2,1,1,1,1,0,1
TXN100588,466.71,fraud,travel,4,225,0,0,1,0,0,1,1,1
TXN100589,518.64,fraud,subscription,80,396,1,0,0,0,0,0,1,0
TXN100590,27.81,credit_not_processed,digital_goods,26,113,0,0,0,0,0,1,1,1
TXN100591,97.67,product_unacceptable,digital_goods,18,1285,1,1,1,0,0,1,1,0
TXN100592,158.13,product_not_received,apparel,10,2090,0,2,0,0,0,1,0,0
TXN100593,88.38,duplicate_charge,digital_goods,33,2254,0,2,1,0,0,1,1,1
TXN100594,127.46,fraud,apparel,115,1435,0,0,1,0,0,1,1,1
TXN100595,211.96,product_not_received,travel,118,135,0,2,1,0,0,1,1,1
TXN100596,207.94,duplicate_charge,general,10,1565,0,5,1,1,1,1,1,1
TXN100597,296.68,duplicate_charge,travel,117,1594,0,1,0,1,0,1,1,1
TXN100598,160.74,credit_not_processed,apparel,70,1492,0,1,1,1,0,1,1,1
TXN100599,15.46,duplicate_charge,subscription,39,1803,0,2,1,1,0,1,1,1
TXN100600,119.45,product_unacceptable,subscription,113,1393,0,2,1,0,0,1,1,1
TXN100601,197.6,subscription_cancelled,digital_goods,29,1760,0,2,1,0,0,1,0,1
TXN100602,311.03,credit_not_processed,apparel,22,1215,0,5,0,0,0,1,1,0
TXN100603,281.49,subscription_cancelled,subscription,28,375,0,4,0,0,0,1,1,1
TXN100604,145.08,credit_not_processed,apparel,18,199,0,2,1,1,1,1,1,1
TXN100605,92.64,subscription_cancelled,general,58,2268,1,2,1,0,0,1,1,1
TXN100606,150.16,credit_not_processed,apparel,17,1102,0,1,1,1,0,1,1,1
TXN100607,32.05,fraud,digital_goods,27,805,0,1,0,1,0,0,1,0
TXN100608,100.02,subscription_cancelled,subscription,45,733,0,1,0,0,0,1,1,0
TXN100609,350.07,product_unacceptable,electronics,78,129,0,1,1,1,0,1,1,0
TXN100610,149.82,product_unacceptable,apparel,103,2362,0,1,1,1,0,1,1,1
TXN100611,203.59,duplicate_charge,electronics,9,208,0,3,0,0,0,1,1,1
TXN100612,47.49,credit_not_processed,digital_goods,76,547,1,1,1,0,0,0,1,1
TXN100613,309.61,credit_not_processed,travel,13,1143,0,1,1,0,0,1,1,1
TXN100614,139.59,product_not_received,apparel,118,895,0,0,0,0,0,1,1,0
TXN100615,198.74,subscription_cancelled,digital_goods,33,99,0,1,0,1,0,1,1,1
TXN100616,230.12,subscription_cancelled,subscription,102,822,0,3,0,0,0,1,1,1
TXN100617,301.98,product_not_received,general,93,1948,1,1,0,1,0,1,1,1
TXN100618,177.68,fraud,electronics,39,626,0,0,1,0,0,1,1,1
TXN100619,142.06,fraud,travel,39,2164,1,0,1,1,0,1,1,1
TXN100620,57.44,subscription_cancelled,electronics,38,900,0,1,0,0,0,1,1,0
TXN100621,43.61,product_unacceptable,travel,57,33,0,0,0,1,0,0,1,0
TXN100622,175.12,credit_not_processed,general,53,272,1,2,1,0,0,1,1,0
TXN100623,199.65,product_unacceptable,subscription,79,2025,1,2,1,1,0,1,0,1
TXN100624,223.36,credit_not_processed,apparel,56,1013,0,1,1,1,0,1,1,1
TXN100625,79.82,product_not_received,apparel,94,2453,0,1,1,0,0,1,1,1
TXN100626,100.76,subscription_cancelled,subscription,56,1972,2,2,0,0,0,1,1,1
TXN100627,172.86,fraud,subscription,37,75,0,0,0,1,0,1,1,0
TXN100628,110.99,product_unacceptable,apparel,39,781,1,3,1,1,0,1,1,0
TXN100629,675.75,subscription_cancelled,electronics,87,1812,1,2,1,1,0,1,1,1
TXN100630,99.06,credit_not_processed,digital_goods,17,157,1,1,0,0,1,0,1,0
TXN100631,209.43,subscription_cancelled,travel,35,2497,1,0,1,0,0,1,1,1
TXN100632,275.76,fraud,digital_goods,38,415,1,1,1,0,1,1,1,0
TXN100633,287.35,product_not_received,general,77,1992,0,0,0,1,0,1,1,1
TXN100634,109.48,fraud,subscription,16,2101,0,0,1,0,0,0,1,1
TXN100635,230.9,fraud,subscription,54,1263,1,0,1,0,0,1,1,1
TXN100636,211.42,duplicate_charge,electronics,81,2008,0,0,1,1,0,1,1,1
TXN100637,237.84,duplicate_charge,general,111,2212,2,0,0,1,0,1,0,1
TXN100638,171.21,subscription_cancelled,subscription,53,1835,1,1,0,1,1,1,1,1
TXN100639,277.11,credit_not_processed,digital_goods,117,1769,0,1,1,1,0,1,1,1
TXN100640,186.16,subscription_cancelled,travel,73,971,0,3,0,0,1,1,1,1
TXN100641,51.53,subscription_cancelled,subscription,93,731,1,0,1,0,1,1,1,0
TXN100642,182.2,fraud,general,29,2169,0,0,1,1,0,1,1,0
TXN100643,197.75,product_not_received,travel,109,560,1,0,1,1,1,0,0,0
TXN100644,264.05,duplicate_charge,electronics,31,1036,1,5,1,0,0,1,1,1
TXN100645,175.27,subscription_cancelled,travel,17,1281,1,2,1,0,1,1,1,1
TXN100646,474.09,fraud,subscription,10,976,1,3,1,0,0,1,1,0
TXN100647,145.8,product_unacceptable,electronics,78,932,0,3,1,0,0,1,0,1
TXN100648,105.11,duplicate_charge,subscription,75,1497,0,0,1,0,0,1,1,1
TXN100649,380.55,fraud,apparel,24,823,1,3,0,0,1,1,1,0
TXN100650,142.85,product_not_received,general,105,2471,1,0,0,1,1,1,1,0
TXN100651,163.74,credit_not_processed,travel,33,444,1,0,1,0,0,0,0,0
TXN100652,197.81,duplicate_charge,apparel,73,972,0,2,1,1,0,1,0,1
TXN100653,186.26,product_not_received,electronics,63,2113,0,0,0,0,0,1,1,1
TXN100654,236.53,subscription_cancelled,electronics,71,1188,0,0,1,0,0,1,1,1
TXN100655,253.56,product_not_received,subscription,89,1762,0,2,1,1,0,1,1,0
TXN100656,97.82,subscription_cancelled,digital_goods,111,1617,1,0,1,1,0,1,1,1
TXN100657,61.74,product_not_received,general,86,828,2,1,0,1,0,1,1,1
TXN100658,68.23,duplicate_charge,apparel,108,1860,0,0,0,1,1,0,1,0
TXN100659,353.26,product_not_received,general,104,594,1,1,1,1,0,1,1,1
TXN100660,134.18,product_not_received,general,43,1874,0,1,1,1,0,1,1,1
TXN100661,274.09,credit_not_processed,electronics,67,320,2,1,0,1,0,1,1,1
TXN100662,258.28,fraud,travel,24,1735,0,1,1,0,0,1,1,1
TXN100663,163.71,fraud,general,111,281,0,1,1,1,0,1,1,1
TXN100664,78.84,product_not_received,apparel,116,2172,1,0,1,0,0,1,1,0
TXN100665,262.57,duplicate_charge,electronics,106,1563,1,0,1,1,1,1,1,0
TXN100666,159.68,subscription_cancelled,general,89,101,0,2,1,0,0,0,1,1
TXN100667,58.39,credit_not_processed,digital_goods,102,272,0,0,1,0,1,1,1,1
TXN100668,111.72,product_not_received,electronics,95,468,0,1,1,0,0,1,1,0
TXN100669,40.42,product_not_received,general,28,2400,1,1,1,0,0,1,1,1
TXN100670,115.85,fraud,subscription,32,1473,1,0,1,0,1,1,1,0
TXN100671,169.92,product_unacceptable,electronics,64,697,2,1,0,0,0,1,0,1
TXN100672,147.51,credit_not_processed,apparel,51,692,1,2,1,1,1,1,1,1
TXN100673,134.74,duplicate_charge,electronics,88,64,0,0,0,0,0,1,1,0
TXN100674,168.65,duplicate_charge,general,88,507,2,1,1,1,0,1,1,1
TXN100675,226.81,product_not_received,electronics,117,2138,1,1,0,1,0,1,1,1
TXN100676,288.98,credit_not_processed,subscription,94,1497,0,1,0,0,0,1,1,1
TXN100677,315.42,product_unacceptable,travel,2,918,0,0,1,0,1,1,1,1
TXN100678,89.23,fraud,travel,41,53,0,1,1,1,0,1,1,1
TXN100679,336.24,product_not_received,subscription,39,857,0,1,1,1,0,1,1,1
TXN100680,159.86,fraud,general,76,957,0,1,1,0,0,0,1,1
TXN100681,123.8,fraud,electronics,41,296,0,2,0,0,0,1,1,0
TXN100682,70.0,fraud,electronics,117,1518,0,5,0,0,0,0,1,1
TXN100683,216.02,product_unacceptable,electronics,35,1651,0,1,1,1,0,1,1,1
TXN100684,210.28,duplicate_charge,subscription,53,2495,1,2,1,0,1,1,1,1
TXN100685,103.97,product_not_received,travel,98,896,1,2,1,0,0,1,0,1
TXN100686,106.37,product_not_received,electronics,44,689,0,2,0,0,0,1,1,1
TXN100687,143.54,credit_not_processed,apparel,6,2057,2,1,0,0,0,1,0,0
TXN100688,122.18,subscription_cancelled,travel,40,876,1,0,1,0,0,1,0,0
TXN100689,85.98,product_unacceptable,subscription,43,1576,0,5,0,1,0,1,0,1
TXN100690,63.63,product_not_received,digital_goods,73,1843,0,2,0,1,1,1,1,1
TXN100691,338.73,credit_not_processed,general,85,2199,1,4,1,1,0,1,1,1
TXN100692,111.28,product_not_received,general,66,796,1,3,1,1,1,1,1,1
TXN100693,209.45,product_not_received,subscription,49,1556,0,4,1,1,0,1,1,1
TXN100694,238.55,credit_not_processed,digital_goods,60,327,0,1,0,0,0,1,1,0
TXN100695,216.75,product_unacceptable,general,18,1948,0,1,0,0,0,1,1,1
TXN100696,247.44,subscription_cancelled,subscription,22,112,0,1,0,1,0,1,1,1
TXN100697,215.08,duplicate_charge,travel,73,1741,1,0,1,1,0,0,1,1
TXN100698,96.37,duplicate_charge,digital_goods,103,522,0,2,0,1,0,0,1,1
TXN100699,127.46,product_not_received,subscription,63,1156,0,1,1,0,0,1,1,1
TXN100700,332.72,product_not_received,travel,8,190,0,3,0,0,0,1,1,1
TXN100701,108.79,product_not_received,apparel,117,1721,0,2,1,1,0,1,1,1
TXN100702,160.02,fraud,general,39,1205,0,0,0,1,0,0,1,0
TXN100703,227.5,credit_not_processed,electronics,90,1659,0,2,1,0,1,1,1,1
TXN100704,414.48,product_not_received,subscription,107,868,0,0,1,0,0,0,1,1
TXN100705,313.29,product_unacceptable,travel,118,16,0,2,0,1,0,0,0,0
TXN100706,76.26,subscription_cancelled,travel,14,1452,1,2,1,0,0,1,1,1
TXN100707,204.84,subscription_cancelled,electronics,23,1746,0,3,0,1,0,1,1,1
TXN100708,188.65,product_not_received,digital_goods,77,1661,0,1,1,1,0,1,1,1
TXN100709,128.29,product_unacceptable,general,91,655,0,1,1,0,0,0,0,1
TXN100710,163.43,credit_not_processed,apparel,100,1791,0,1,1,0,0,1,0,1
TXN100711,95.63,duplicate_charge,subscription,66,1354,0,1,1,1,0,0,0,1
TXN100712,141.64,subscription_cancelled,general,19,525,2,4,0,0,0,1,1,1
TXN100713,109.57,credit_not_processed,general,85,278,0,3,1,0,0,1,1,1
TXN100714,172.4,subscription_cancelled,travel,80,813,0,0,1,0,0,1,1,1
TXN100715,124.77,fraud,apparel,56,57,0,1,0,1,0,1,1,1
TXN100716,435.09,product_unacceptable,subscription,76,1790,0,2,0,0,1,0,1,0
TXN100717,176.49,fraud,digital_goods,26,37,1,3,0,1,0,0,1,0
TXN100718,153.17,duplicate_charge,travel,97,121,0,1,0,0,0,1,1,1
TXN100719,136.12,credit_not_processed,subscription,6,395,0,2,1,0,0,1,0,1
TXN100720,125.02,product_unacceptable,subscription,100,815,0,3,0,0,0,1,1,0
TXN100721,58.4,product_not_received,apparel,100,49,0,2,0,0,0,1,1,1
TXN100722,273.65,fraud,subscription,82,1574,0,2,0,1,0,0,1,1
TXN100723,380.91,credit_not_processed,travel,97,330,0,0,0,0,1,1,1,0
TXN100724,108.29,fraud,general,109,2008,0,5,1,1,1,1,1,0
TXN100725,331.58,fraud,travel,20,1397,0,1,0,0,0,1,1,0
TXN100726,671.44,product_not_received,general,65,208,1,0,0,0,0,1,1,0
TXN100727,520.83,fraud,general,77,1000,0,1,0,0,0,1,1,0
TXN100728,369.94,product_unacceptable,general,113,350,1,0,1,1,0,1,1,1
TXN100729,64.77,product_unacceptable,subscription,88,2451,0,3,1,1,1,1,1,1
TXN100730,64.14,product_not_received,travel,71,1481,0,2,1,1,0,1,1,1
TXN100731,246.62,fraud,electronics,67,2021,0,1,0,0,0,1,1,0
TXN100732,161.17,fraud,digital_goods,18,935,0,1,0,1,0,1,0,1
TXN100733,26.14,product_not_received,digital_goods,38,366,1,1,1,1,1,1,1,0
TXN100734,117.99,fraud,subscription,52,587,0,4,0,1,0,1,1,0
TXN100735,239.3,duplicate_charge,travel,105,1041,0,1,1,0,0,1,0,1
TXN100736,143.14,fraud,digital_goods,103,1926,0,3,0,0,0,1,0,1
TXN100737,161.74,product_not_received,electronics,77,1077,0,0,0,1,0,0,1,1
TXN100738,64.06,product_not_received,subscription,13,2321,0,0,1,0,0,1,1,1
TXN100739,116.84,product_not_received,digital_goods,86,905,0,1,1,1,1,1,1,1
TXN100740,247.33,fraud,electronics,55,583,1,2,0,0,0,1,1,1
TXN100741,112.56,fraud,apparel,78,1238,4,0,1,0,0,1,0,0
TXN100742,349.21,credit_not_processed,general,52,277,0,0,1,0,0,1,1,1
TXN100743,164.38,fraud,electronics,86,1674,0,0,1,0,0,1,1,0
TXN100744,215.46,product_unacceptable,digital_goods,26,252,0,0,1,0,0,1,1,1
TXN100745,243.57,product_unacceptable,travel,18,1602,1,1,1,1,0,1,1,1
TXN100746,237.04,product_not_received,electronics,27,956,1,3,0,0,0,1,1,1
TXN100747,74.5,product_not_received,electronics,110,892,0,1,0,0,0,1,1,1
TXN100748,85.48,subscription_cancelled,general,9,1527,0,1,1,0,0,1,1,1
TXN100749,25.68,subscription_cancelled,travel,35,1762,0,3,0,0,0,1,1,1
TXN100750,127.12,product_not_received,apparel,41,2322,0,1,1,0,1,1,1,1
TXN100751,80.44,product_not_received,apparel,100,723,0,2,1,0,1,1,1,1
TXN100752,110.03,product_not_received,digital_goods,43,2029,0,1,0,0,0,1,1,1
TXN100753,136.99,product_unacceptable,subscription,107,2088,0,1,1,0,0,1,0,1
TXN100754,179.87,duplicate_charge,subscription,118,2489,0,3,0,1,0,1,1,1
TXN100755,144.71,product_not_received,apparel,78,2410,0,2,0,1,0,0,1,1
TXN100756,142.78,product_not_received,subscription,41,1976,0,0,1,1,0,1,0,1
TXN100757,203.9,credit_not_processed,general,72,736,0,3,1,0,1,1,1,0
TXN100758,156.71,fraud,apparel,80,1736,1,3,1,0,1,1,1,0
TXN100759,287.1,product_unacceptable,electronics,13,1961,1,0,1,0,0,1,1,1
TXN100760,157.07,duplicate_charge,general,100,728,0,4,0,0,0,1,1,1
TXN100761,416.13,fraud,travel,52,2033,2,4,1,1,0,1,1,1
TXN100762,72.09,fraud,subscription,101,1754,1,0,1,0,1,1,0,0
TXN100763,125.45,fraud,apparel,73,1226,1,4,1,0,0,1,0,1
TXN100764,96.98,credit_not_processed,apparel,103,2154,2,3,1,1,1,1,1,0
TXN100765,184.77,fraud,apparel,10,219,1,2,0,0,0,1,1,0
TXN100766,72.05,fraud,apparel,6,1709,0,3,1,0,0,1,1,0
TXN100767,47.88,fraud,digital_goods,14,1965,0,0,0,1,0,0,1,1
TXN100768,83.47,fraud,electronics,105,100,1,0,1,0,0,1,1,1
TXN100769,50.87,duplicate_charge,general,119,1018,0,3,0,1,1,0,1,1
TXN100770,138.32,product_not_received,travel,119,1292,1,2,0,0,0,0,1,1
TXN100771,179.51,product_unacceptable,general,40,520,1,2,0,1,1,1,1,0
TXN100772,41.9,duplicate_charge,travel,32,2198,0,2,1,1,0,1,1,1
TXN100773,119.75,subscription_cancelled,apparel,42,1566,0,0,0,0,0,1,1,0
TXN100774,312.74,fraud,travel,98,687,1,0,1,1,0,1,1,1
TXN100775,373.13,subscription_cancelled,electronics,30,1092,1,5,1,0,0,1,0,1
TXN100776,260.57,duplicate_charge,subscription,66,280,0,1,0,1,0,1,1,1
TXN100777,17.39,fraud,subscription,77,218,0,2,1,1,1,1,1,1
TXN100778,168.32,subscription_cancelled,electronics,44,1866,1,1,1,0,0,1,1,1
TXN100779,336.85,subscription_cancelled,travel,57,2459,2,3,1,0,0,1,1,0
TXN100780,110.92,product_not_received,travel,80,691,0,2,1,0,0,0,1,0
TXN100781,59.25,credit_not_processed,apparel,95,611,0,3,1,0,0,1,1,1
TXN100782,320.47,product_unacceptable,electronics,23,1709,1,1,1,0,0,1,1,1
TXN100783,351.63,duplicate_charge,subscription,61,1277,2,2,1,0,0,0,1,1
TXN100784,155.9,credit_not_processed,apparel,19,348,0,1,0,1,0,1,1,1
TXN100785,59.71,product_not_received,travel,2,1668,2,1,1,1,0,1,1,1
TXN100786,37.36,subscription_cancelled,apparel,77,524,0,0,0,0,1,1,1,0
TXN100787,197.87,product_not_received,travel,58,287,0,2,1,1,1,1,1,1
TXN100788,97.62,subscription_cancelled,electronics,31,1160,0,2,1,0,0,1,1,1
TXN100789,148.99,duplicate_charge,digital_goods,7,1848,1,2,1,1,0,1,1,1
TXN100790,137.78,fraud,travel,113,1302,1,1,1,1,1,1,1,0
TXN100791,79.99,product_not_received,digital_goods,99,1620,1,2,1,1,0,1,1,1
TXN100792,35.57,product_not_received,travel,112,594,1,2,0,1,0,1,1,1
TXN100793,113.14,fraud,apparel,14,1234,1,3,1,0,0,1,1,0
TXN100794,172.98,fraud,digital_goods,2,1782,0,0,1,0,0,1,1,1
TXN100795,178.7,product_not_received,subscription,26,1320,0,2,1,0,0,1,1,1
TXN100796,92.87,fraud,digital_goods,12,599,0,1,0,0,0,1,1,0
TXN100797,346.98,fraud,electronics,55,2386,0,0,1,0,0,1,1,1
TXN100798,64.77,subscription_cancelled,general,77,168,0,3,0,0,0,1,1,0
TXN100799,296.66,duplicate_charge,subscription,24,2277,0,3,1,1,0,1,1,1
TXN100800,169.12,subscription_cancelled,subscription,48,1811,0,1,0,1,0,0,1,1
TXN100801,113.88,product_not_received,subscription,65,279,0,2,1,0,0,1,1,1
TXN100802,215.82,credit_not_processed,subscription,38,637,1,2,1,1,0,0,1,1
TXN100803,131.87,duplicate_charge,subscription,55,921,0,1,0,0,0,0,1,0
TXN100804,47.35,fraud,travel,71,2394,1,0,1,0,1,1,1,0
TXN100805,60.94,fraud,electronics,114,1291,0,0,0,0,0,1,1,0
TXN100806,125.71,duplicate_charge,travel,37,645,2,4,0,0,0,1,1,1
TXN100807,102.9,fraud,apparel,11,2299,0,1,1,0,0,1,1,1
TXN100808,292.17,product_unacceptable,subscription,104,295,2,1,1,0,0,1,1,0
TXN100809,99.33,credit_not_processed,digital_goods,69,2041,0,1,1,0,0,1,1,1
TXN100810,94.71,fraud,general,57,2076,2,2,0,0,0,1,1,0
TXN100811,85.43,fraud,travel,86,966,0,2,0,0,0,1,1,0
TXN100812,79.85,credit_not_processed,travel,117,107,0,1,1,1,0,1,1,1
TXN100813,81.91,duplicate_charge,general,16,2215,0,0,1,0,0,1,1,1
TXN100814,53.56,fraud,digital_goods,103,2418,1,1,1,0,0,1,1,1
TXN100815,174.15,credit_not_processed,digital_goods,76,945,0,0,1,0,0,1,1,1
TXN100816,140.06,credit_not_processed,digital_goods,70,464,0,1,1,0,0,0,0,1
TXN100817,135.87,product_unacceptable,general,103,677,2,2,0,0,0,1,1,0
TXN100818,39.37,duplicate_charge,subscription,37,341,2,2,1,0,0,1,1,1
TXN100819,203.28,product_not_received,electronics,94,1524,0,2,1,1,0,1,1,1
TXN100820,217.31,fraud,digital_goods,68,1296,1,0,0,1,0,1,1,0
TXN100821,403.2,duplicate_charge,digital_goods,112,889,0,1,0,1,0,1,1,1
TXN100822,209.41,product_not_received,travel,56,1626,1,1,1,1,1,0,1,1
TXN100823,456.43,duplicate_charge,electronics,86,1556,1,0,1,0,0,1,1,1
TXN100824,91.19,subscription_cancelled,subscription,60,28,0,1,0,0,0,1,1,1
TXN100825,417.32,fraud,subscription,47,1024,1,2,1,0,0,1,1,1
TXN100826,214.04,duplicate_charge,apparel,45,2158,0,2,1,0,0,1,1,1
TXN100827,196.03,product_not_received,electronics,110,1989,0,1,1,0,0,0,1,1
TXN100828,133.37,credit_not_processed,travel,100,2137,0,0,1,0,0,1,1,1
TXN100829,113.55,product_not_received,apparel,27,2385,0,3,1,1,0,1,1,1
TXN100830,96.61,duplicate_charge,general,104,153,0,4,1,0,0,0,1,1
TXN100831,426.54,product_unacceptable,subscription,70,675,0,2,1,1,0,0,1,1
TXN100832,130.3,product_not_received,general,13,1148,0,0,0,1,0,1,1,1
TXN100833,216.66,duplicate_charge,travel,92,1275,0,1,1,0,0,1,1,1
TXN100834,249.5,subscription_cancelled,general,20,1965,0,5,1,0,0,1,1,1
TXN100835,247.13,product_unacceptable,electronics,104,1811,0,3,1,0,0,1,1,0
TXN100836,174.71,subscription_cancelled,apparel,55,1765,0,3,1,0,0,1,1,1
TXN100837,412.33,credit_not_processed,electronics,110,396,0,2,0,1,0,1,1,1
TXN100838,205.22,product_not_received,subscription,58,1694,3,2,0,1,0,1,1,0
TXN100839,94.74,product_unacceptable,travel,11,1989,1,0,1,0,0,1,0,1
TXN100840,117.53,fraud,apparel,92,1880,0,1,0,0,0,1,1,0
TXN100841,41.36,subscription_cancelled,apparel,87,1457,1,1,0,1,0,1,1,0
TXN100842,188.11,product_unacceptable,travel,36,220,1,2,1,0,0,1,1,1
TXN100843,229.07,product_not_received,apparel,25,374,0,2,0,1,0,0,1,1
TXN100844,242.53,fraud,travel,103,1857,0,1,1,0,1,0,0,0
TXN100845,214.04,credit_not_processed,travel,93,2170,1,3,0,0,0,1,0,1
TXN100846,133.71,product_not_received,apparel,36,2063,0,4,0,0,0,1,1,1
TXN100847,152.41,duplicate_charge,apparel,84,1066,0,1,0,0,0,1,1,0
TXN100848,152.73,fraud,digital_goods,29,1468,1,0,0,0,0,0,1,1
TXN100849,292.85,credit_not_processed,travel,22,441,1,1,1,0,0,0,1,1
TXN100850,28.45,fraud,apparel,80,1479,0,0,1,0,0,1,1,1
TXN100851,107.84,fraud,digital_goods,100,488,0,1,1,1,0,1,1,1
TXN100852,68.0,subscription_cancelled,travel,110,1987,1,2,1,0,0,1,1,1
TXN100853,521.75,credit_not_processed,apparel,55,1963,0,1,1,1,1,1,1,1
TXN100854,331.46,fraud,travel,18,127,0,1,1,0,0,0,1,1
TXN100855,111.29,product_unacceptable,electronics,65,2339,1,2,1,1,0,1,1,0
TXN100856,48.92,subscription_cancelled,electronics,82,1990,0,0,1,0,0,1,1,1
TXN100857,61.09,credit_not_processed,apparel,116,945,0,1,0,1,0,0,1,1
TXN100858,290.24,product_not_received,apparel,14,1127,0,2,1,0,0,1,1,1
TXN100859,40.29,product_unacceptable,electronics,79,197,1,2,1,0,0,1,1,1
TXN100860,154.18,subscription_cancelled,general,61,2340,2,2,1,1,0,1,1,1
TXN100861,259.56,subscription_cancelled,apparel,71,252,1,3,1,0,1,1,1,0
TXN100862,56.24,subscription_cancelled,subscription,12,2306,0,2,1,1,1,1,1,1
TXN100863,153.0,product_unacceptable,general,2,1636,0,1,1,1,0,1,1,1
TXN100864,112.68,fraud,subscription,73,2296,1,1,1,0,0,0,1,0
TXN100865,101.91,credit_not_processed,subscription,24,926,1,2,1,0,1,1,1,0
TXN100866,89.16,credit_not_processed,electronics,74,2239,0,1,1,1,0,1,1,1
TXN100867,273.95,subscription_cancelled,digital_goods,4,1065,1,1,0,1,0,1,1,0
TXN100868,377.82,fraud,subscription,96,875,0,0,1,0,0,0,1,1
TXN100869,126.11,fraud,travel,40,842,1,2,1,1,0,1,1,0
TXN100870,196.61,subscription_cancelled,electronics,54,2379,2,3,0,1,0,0,0,1
TXN100871,155.52,fraud,travel,41,1163,0,2,0,0,1,1,1,0
TXN100872,31.97,credit_not_processed,subscription,50,1196,2,1,1,1,0,1,1,1
TXN100873,122.47,product_not_received,subscription,64,1608,1,1,0,0,0,1,1,1
TXN100874,26.55,duplicate_charge,digital_goods,77,1389,0,1,0,0,1,0,1,0
TXN100875,105.7,credit_not_processed,apparel,83,1352,0,1,0,1,0,1,1,1
TXN100876,150.0,product_not_received,apparel,118,947,0,2,0,1,1,0,1,1
TXN100877,245.85,product_not_received,apparel,22,410,0,0,1,0,0,1,1,1
TXN100878,184.6,duplicate_charge,digital_goods,104,2486,0,1,1,1,1,1,1,0
TXN100879,278.65,duplicate_charge,apparel,72,1228,1,0,1,0,0,1,1,1
TXN100880,78.21,product_not_received,digital_goods,37,2430,0,3,0,0,0,1,1,1
TXN100881,347.25,duplicate_charge,electronics,110,1151,0,2,1,0,0,1,1,1
TXN100882,378.08,credit_not_processed,apparel,85,1498,0,1,0,0,1,1,1,1
TXN100883,25.32,product_unacceptable,apparel,23,1364,1,0,1,0,0,1,1,1
TXN100884,38.24,fraud,electronics,21,2414,0,2,1,0,0,1,1,1
TXN100885,147.47,product_not_received,general,79,276,1,1,1,1,1,1,1,1
TXN100886,99.79,product_not_received,subscription,87,1293,0,1,1,1,0,1,1,1
TXN100887,111.94,fraud,general,6,383,1,1,1,0,1,1,1,0
TXN100888,183.44,fraud,travel,75,2170,0,1,1,0,0,1,1,1
TXN100889,286.01,duplicate_charge,electronics,64,1325,1,2,1,1,0,1,1,1
TXN100890,74.94,product_not_received,general,116,2307,1,2,1,0,0,1,1,1
TXN100891,317.75,credit_not_processed,digital_goods,89,688,1,3,1,0,1,1,1,0
TXN100892,87.91,product_not_received,subscription,109,407,2,3,1,0,0,1,1,1
TXN100893,567.11,fraud,digital_goods,5,1572,1,1,1,1,0,1,1,0
TXN100894,348.88,subscription_cancelled,digital_goods,91,364,0,0,1,0,0,1,1,1
TXN100895,95.06,credit_not_processed,digital_goods,40,931,0,1,1,1,0,1,1,1
TXN100896,49.88,product_not_received,apparel,66,784,0,4,1,1,0,1,1,1
TXN100897,93.37,fraud,travel,105,551,1,1,0,1,0,0,1,1
TXN100898,83.65,fraud,subscription,104,326,0,2,1,1,1,1,1,0
TXN100899,225.73,product_unacceptable,electronics,27,1640,0,0,1,1,1,1,1,1
TXN100900,25.92,product_unacceptable,electronics,29,1895,1,0,1,1,0,0,1,1
TXN100901,38.66,product_not_received,general,87,984,0,1,1,0,0,1,1,1
TXN100902,221.41,fraud,travel,105,702,0,1,1,1,1,1,1,1
TXN100903,80.85,product_unacceptable,general,73,394,0,0,1,0,0,0,1,0
TXN100904,106.74,credit_not_processed,travel,7,1692,1,2,1,0,0,1,0,1
TXN100905,258.77,duplicate_charge,travel,20,2022,0,1,1,0,0,0,1,1
TXN100906,294.47,product_unacceptable,general,90,1370,0,3,0,1,0,1,1,1
TXN100907,337.99,fraud,travel,89,1079,0,1,1,0,0,1,1,1
TXN100908,244.46,product_not_received,apparel,107,1620,0,0,0,0,0,1,1,1
TXN100909,130.45,product_not_received,travel,64,2287,0,1,1,1,0,1,0,1
TXN100910,122.58,subscription_cancelled,apparel,51,2474,2,0,1,1,0,1,1,1
TXN100911,112.22,credit_not_processed,digital_goods,14,483,0,6,1,0,0,1,1,1
TXN100912,56.42,credit_not_processed,subscription,94,1191,1,3,0,0,0,1,1,1
TXN100913,72.51,credit_not_processed,electronics,113,2190,0,1,1,1,0,1,1,1
TXN100914,309.59,credit_not_processed,subscription,6,1582,0,2,1,1,0,1,1,1
TXN100915,87.42,credit_not_processed,travel,59,2039,0,2,1,1,0,1,1,1
TXN100916,56.72,fraud,apparel,43,2489,1,1,0,0,0,1,0,1
TXN100917,326.59,fraud,electronics,89,259,3,1,1,0,0,1,1,1
TXN100918,175.71,product_not_received,subscription,91,1530,1,1,1,1,0,1,1,1
TXN100919,432.54,product_unacceptable,subscription,26,1329,1,2,0,0,0,1,1,1
TXN100920,403.19,fraud,subscription,114,711,1,2,1,1,0,1,1,1
TXN100921,61.0,subscription_cancelled,digital_goods,17,1634,0,3,1,1,0,1,1,1
TXN100922,140.54,duplicate_charge,travel,93,259,0,3,1,0,0,1,1,1
TXN100923,68.18,product_unacceptable,digital_goods,89,1238,0,1,1,1,0,1,0,0
TXN100924,67.69,fraud,digital_goods,20,1036,0,1,1,0,0,1,1,1
TXN100925,109.79,product_not_received,apparel,81,975,0,2,1,1,1,1,1,0
TXN100926,230.21,fraud,apparel,33,1535,0,2,1,0,0,1,1,1
TXN100927,231.13,subscription_cancelled,general,33,2359,0,2,0,1,1,1,1,1
TXN100928,212.11,duplicate_charge,travel,11,2368,0,0,0,0,0,1,1,1
TXN100929,130.16,subscription_cancelled,apparel,89,1752,0,4,1,0,0,1,1,1
TXN100930,239.54,product_not_received,general,97,827,0,0,0,0,0,1,1,0
TXN100931,56.01,product_not_received,electronics,61,2414,0,1,0,1,1,1,1,0
TXN100932,177.69,product_not_received,travel,93,2495,0,1,1,1,0,1,1,1
TXN100933,153.47,subscription_cancelled,electronics,42,2115,0,1,0,1,0,1,1,1
TXN100934,124.46,subscription_cancelled,digital_goods,68,2182,1,0,0,1,0,1,0,0
TXN100935,182.52,fraud,travel,94,2042,0,1,1,0,0,1,1,1
TXN100936,69.28,credit_not_processed,general,52,1900,0,0,0,1,0,1,1,1
TXN100937,217.84,fraud,general,74,1814,1,2,1,0,0,0,1,0
TXN100938,150.62,credit_not_processed,general,18,1595,0,1,0,1,0,0,1,1
TXN100939,41.98,fraud,apparel,61,1615,0,1,1,0,0,1,1,1
TXN100940,148.15,product_not_received,electronics,102,974,0,3,1,1,0,1,1,1
TXN100941,100.56,subscription_cancelled,general,92,2217,0,2,1,0,0,1,1,1
TXN100942,314.72,fraud,general,36,1586,2,1,0,0,0,1,1,0
TXN100943,59.53,product_not_received,apparel,65,1533,0,0,1,0,0,1,1,1
TXN100944,61.34,product_unacceptable,electronics,74,1854,0,0,0,0,0,1,1,0
TXN100945,198.99,product_not_received,travel,112,188,2,1,1,0,0,1,1,1
TXN100946,134.02,duplicate_charge,electronics,99,2297,0,1,0,1,0,1,1,1
TXN100947,129.33,subscription_cancelled,electronics,98,1456,0,1,0,1,0,1,1,1
TXN100948,569.2,credit_not_processed,general,90,2360,1,1,0,1,0,0,1,0
TXN100949,235.6,product_not_received,digital_goods,43,257,0,3,0,0,0,1,1,1
TXN100950,117.44,product_unacceptable,electronics,45,584,0,1,0,1,1,1,1,1
TXN100951,37.37,product_not_received,travel,56,2373,0,3,0,0,0,1,0,1
TXN100952,112.51,product_not_received,digital_goods,51,1732,1,1,1,1,0,1,1,1
TXN100953,54.49,fraud,travel,114,1616,0,2,1,0,0,1,1,1
TXN100954,72.95,credit_not_processed,general,105,1010,1,4,1,0,0,1,0,1
TXN100955,74.96,credit_not_processed,apparel,107,1389,1,1,0,0,0,0,1,0
TXN100956,298.32,subscription_cancelled,travel,73,1365,0,1,0,0,0,1,1,0
TXN100957,45.16,product_unacceptable,subscription,23,494,0,2,1,1,0,1,1,1
TXN100958,278.71,product_unacceptable,digital_goods,18,1416,0,0,0,0,1,1,1,0
TXN100959,205.32,product_unacceptable,general,33,1289,1,1,1,1,0,1,1,1
TXN100960,203.22,product_unacceptable,digital_goods,78,782,0,1,1,0,0,1,1,1
TXN100961,70.57,product_not_received,digital_goods,44,856,1,1,1,0,0,0,1,1
TXN100962,254.34,fraud,general,78,1919,1,0,1,1,0,1,1,1
TXN100963,63.94,fraud,travel,105,1688,0,2,1,1,0,1,1,1
TXN100964,382.01,credit_not_processed,general,40,1174,1,2,1,1,1,1,1,0
TXN100965,302.99,product_unacceptable,subscription,111,1511,1,0,1,0,0,1,1,1
TXN100966,425.37,credit_not_processed,subscription,61,603,0,1,0,1,0,1,1,1
TXN100967,154.05,fraud,apparel,96,1248,1,0,1,1,0,0,0,0
TXN100968,133.95,product_unacceptable,digital_goods,8,1404,0,1,0,1,0,0,1,1
TXN100969,110.19,fraud,general,33,631,0,3,1,0,0,1,1,1
TXN100970,561.37,product_not_received,travel,111,423,0,2,1,0,0,1,0,1
TXN100971,228.8,fraud,apparel,106,1314,0,1,0,0,0,1,1,1
TXN100972,55.02,fraud,apparel,68,2351,1,3,1,1,1,1,1,0
TXN100973,353.46,credit_not_processed,subscription,4,1154,0,0,1,1,0,0,1,1
TXN100974,130.19,product_not_received,apparel,8,2253,0,0,0,1,0,1,1,1
TXN100975,13.49,duplicate_charge,electronics,51,2128,0,2,0,0,0,1,1,1
TXN100976,83.41,product_unacceptable,subscription,107,1861,0,0,1,1,0,0,1,1
TXN100977,302.86,product_not_received,apparel,45,2235,0,2,0,0,0,0,1,1
TXN100978,205.8,product_unacceptable,subscription,106,1028,0,2,0,1,0,1,1,1
TXN100979,234.62,fraud,travel,64,1898,1,5,1,0,0,1,1,1
TXN100980,351.18,credit_not_processed,general,17,361,1,2,0,1,0,1,1,1
TXN100981,31.77,subscription_cancelled,travel,67,799,0,3,0,0,0,1,1,1
TXN100982,84.23,subscription_cancelled,general,44,1416,0,3,1,0,0,1,0,1
TXN100983,156.56,product_unacceptable,general,27,95,0,0,0,0,1,1,1,0
TXN100984,308.88,fraud,apparel,81,1913,0,0,1,0,1,1,1,0
TXN100985,63.64,credit_not_processed,general,25,2313,1,0,1,0,0,1,1,0
TXN100986,116.91,product_not_received,subscription,108,263,0,0,1,0,0,1,1,1
TXN100987,149.43,fraud,electronics,96,2480,0,1,0,0,0,1,1,0
TXN100988,80.92,product_not_received,electronics,94,220,0,2,1,1,0,1,1,1
TXN100989,148.19,subscription_cancelled,apparel,10,317,1,2,1,0,0,1,1,1
TXN100990,133.46,duplicate_charge,electronics,115,1906,1,2,1,0,0,1,1,1
TXN100991,98.65,subscription_cancelled,digital_goods,59,1714,0,1,1,0,0,0,1,1
TXN100992,253.9,subscription_cancelled,general,88,2340,0,1,1,1,0,1,1,0
TXN100993,223.66,fraud,digital_goods,23,1062,1,2,0,0,1,1,1,0
TXN100994,261.61,credit_not_processed,electronics,92,1431,1,0,1,1,0,0,1,0
TXN100995,277.31,product_not_received,digital_goods,39,371,0,1,1,1,0,1,1,1
TXN100996,40.55,duplicate_charge,apparel,85,1729,0,3,1,0,0,1,1,1
TXN100997,44.78,fraud,general,33,2495,0,2,1,0,0,1,1,0
TXN100998,239.43,credit_not_processed,electronics,111,1492,0,2,1,0,0,1,1,1
TXN100999,105.88,product_not_received,subscription,85,2333,0,2,1,1,0,1,1,1
TXN101000,95.76,fraud,digital_goods,54,983,1,6,1,0,0,1,1,1
TXN101001,84.74,product_unacceptable,electronics,55,2456,0,3,0,0,0,1,1,0
TXN101002,267.81,fraud,subscription,1,1341,0,3,1,1,1,1,1,1
TXN101003,538.46,fraud,digital_goods,36,359,0,3,1,1,0,0,1,1
TXN101004,276.33,duplicate_charge,subscription,94,906,0,3,0,0,1,1,1,0
TXN101005,102.21,product_not_received,travel,99,1229,0,2,1,0,0,1,1,1
TXN101006,258.68,credit_not_processed,subscription,119,167,0,3,1,0,1,1,1,0
TXN101007,43.55,product_not_received,digital_goods,11,2239,0,2,1,1,0,1,1,1
TXN101008,126.59,subscription_cancelled,electronics,30,597,0,1,0,0,0,1,1,1
TXN101009,31.81,product_unacceptable,electronics,92,1687,1,0,1,0,1,0,1,0
TXN101010,106.04,duplicate_charge,digital_goods,44,2299,0,2,1,1,0,1,1,1
TXN101011,169.11,duplicate_charge,digital_goods,30,1086,1,2,0,1,0,1,1,1
TXN101012,603.43,product_unacceptable,subscription,34,1523,0,1,0,0,0,1,1,1
TXN101013,325.5,credit_not_processed,digital_goods,110,1291,0,3,1,1,0,1,1,1
TXN101014,32.42,product_not_received,general,103,1910,0,3,1,1,0,1,1,1
TXN101015,35.41,fraud,apparel,1,96,0,2,1,1,0,1,1,1
TXN101016,81.37,duplicate_charge,digital_goods,101,899,0,0,1,0,0,1,0,1
TXN101017,460.63,subscription_cancelled,subscription,67,1528,1,2,1,0,0,1,1,1
TXN101018,33.84,fraud,electronics,101,228,0,1,1,1,0,1,1,1
TXN101019,85.27,product_unacceptable,apparel,75,2149,0,4,1,0,0,1,1,1
TXN101020,84.9,credit_not_processed,subscription,82,1580,0,1,0,0,0,1,1,1
TXN101021,198.74,subscription_cancelled,travel,69,6,1,0,1,1,0,1,1,1
TXN101022,263.18,credit_not_processed,subscription,88,30,0,1,0,1,0,1,1,1
TXN101023,225.18,product_unacceptable,travel,97,399,1,2,1,0,0,0,1,1
TXN101024,179.53,duplicate_charge,general,61,1659,0,2,1,0,0,1,1,0
TXN101025,41.94,product_not_received,general,14,1294,0,0,1,1,1,1,1,1
TXN101026,159.95,credit_not_processed,general,12,1205,0,4,1,1,0,1,1,1
TXN101027,357.83,product_not_received,electronics,50,1402,0,0,0,0,0,1,0,1
TXN101028,438.58,subscription_cancelled,travel,57,1236,0,1,0,0,1,1,1,1
TXN101029,195.0,product_not_received,electronics,103,858,3,2,0,0,1,1,1,0
TXN101030,32.72,product_unacceptable,apparel,4,18,0,2,1,1,0,1,1,1
TXN101031,197.35,duplicate_charge,apparel,106,69,1,4,1,1,0,1,1,1
TXN101032,133.15,product_unacceptable,travel,7,1722,0,2,0,1,0,1,1,1
TXN101033,37.72,credit_not_processed,digital_goods,60,1859,0,0,1,0,0,1,1,1
TXN101034,60.5,product_not_received,general,51,599,0,2,0,0,0,1,1,1
TXN101035,70.54,duplicate_charge,apparel,67,607,0,0,1,0,0,1,1,1
TXN101036,240.0,product_not_received,travel,6,1019,0,0,1,0,0,1,1,1
TXN101037,426.48,product_not_received,subscription,91,1611,0,1,0,0,0,1,1,1
TXN101038,215.17,product_unacceptable,general,16,1483,1,6,0,0,0,1,1,1
TXN101039,245.29,fraud,apparel,93,1397,0,2,1,0,0,1,1,1
TXN101040,140.26,fraud,subscription,68,91,0,0,1,1,1,1,1,0
TXN101041,94.57,duplicate_charge,electronics,106,1077,1,3,1,0,0,1,1,1
TXN101042,219.31,duplicate_charge,travel,117,1881,0,3,1,1,0,1,1,1
TXN101043,181.24,duplicate_charge,digital_goods,101,1475,0,1,0,1,0,1,1,1
TXN101044,76.1,fraud,general,54,2017,1,1,1,1,1,1,1,1
TXN101045,172.65,product_not_received,subscription,50,1737,0,1,1,0,0,1,0,1
TXN101046,147.17,fraud,general,79,2249,0,4,1,0,0,1,1,1
TXN101047,116.2,subscription_cancelled,general,78,1430,1,1,1,1,0,1,1,1
TXN101048,91.93,credit_not_processed,digital_goods,95,1423,0,1,1,0,0,1,1,1
TXN101049,194.87,product_not_received,subscription,58,1393,0,2,1,0,0,1,1,1
TXN101050,96.8,duplicate_charge,electronics,56,661,0,2,0,1,0,0,1,1
TXN101051,538.93,fraud,travel,15,1090,0,2,1,0,0,1,1,1
TXN101052,210.13,product_not_received,electronics,21,421,0,3,0,0,0,1,1,0
TXN101053,197.2,fraud,subscription,98,1075,0,3,1,1,0,1,1,1
TXN101054,129.23,product_not_received,general,118,374,1,1,1,0,0,1,1,1
TXN101055,108.47,duplicate_charge,subscription,72,1227,1,1,0,0,0,0,1,1
TXN101056,25.93,credit_not_processed,general,41,2385,1,2,1,0,0,0,1,0
TXN101057,80.37,fraud,apparel,7,1130,0,3,1,1,0,1,1,1
TXN101058,32.03,product_unacceptable,general,6,1846,0,2,1,1,0,1,1,1
TXN101059,31.62,duplicate_charge,travel,81,1097,0,3,0,0,0,1,0,1
TXN101060,52.86,credit_not_processed,subscription,77,2264,1,1,1,0,0,1,1,1
TXN101061,333.15,duplicate_charge,subscription,34,525,1,1,1,1,1,0,1,0
TXN101062,332.06,product_not_received,travel,23,2085,0,0,1,0,0,0,1,1
TXN101063,81.93,duplicate_charge,apparel,9,1812,1,2,1,0,0,1,1,1
TXN101064,41.03,product_not_received,travel,82,2221,1,1,1,0,0,1,1,0
TXN101065,104.67,credit_not_processed,travel,73,332,0,0,0,0,0,1,1,1
TXN101066,238.32,product_not_received,general,40,2236,1,1,0,1,0,1,1,1
TXN101067,288.46,duplicate_charge,digital_goods,88,2271,0,3,1,0,1,1,1,0
TXN101068,170.86,fraud,travel,101,739,0,3,1,0,0,1,1,1
TXN101069,193.13,product_not_received,travel,62,1562,0,0,1,0,0,1,1,1
TXN101070,179.97,credit_not_processed,electronics,32,1466,0,0,1,0,0,1,1,1
TXN101071,34.25,duplicate_charge,electronics,1,122,0,2,0,1,0,1,1,1
TXN101072,44.82,product_unacceptable,electronics,95,1313,0,0,0,0,0,1,0,1
TXN101073,438.08,credit_not_processed,travel,69,1647,0,2,1,0,1,1,1,1
TXN101074,170.28,subscription_cancelled,digital_goods,42,512,0,3,0,0,0,1,1,1
TXN101075,20.19,product_not_received,general,1,903,0,3,0,1,0,0,1,0
TXN101076,201.46,product_unacceptable,subscription,97,1463,0,3,0,1,0,0,1,0
TXN101077,67.72,product_unacceptable,electronics,111,2324,1,0,1,0,0,1,1,0
TXN101078,304.32,duplicate_charge,electronics,58,151,0,1,0,0,0,1,1,1
TXN101079,282.62,product_not_received,digital_goods,32,2340,0,2,1,0,0,1,1,1
TXN101080,229.23,product_not_received,general,74,2040,0,1,1,1,0,1,1,1
TXN101081,168.86,credit_not_processed,electronics,104,2114,0,0,0,0,0,1,1,0
TXN101082,354.9,credit_not_processed,apparel,70,119,0,0,1,0,1,1,1,0
TXN101083,379.24,subscription_cancelled,electronics,2,1419,2,1,1,1,0,1,1,1
TXN101084,69.23,credit_not_processed,digital_goods,24,921,0,4,1,0,0,1,1,1
TXN101085,227.49,subscription_cancelled,general,12,2297,0,3,1,1,0,1,1,1
TXN101086,92.77,subscription_cancelled,subscription,49,1852,1,0,0,0,0,1,0,1
TXN101087,60.94,subscription_cancelled,digital_goods,54,1624,1,0,0,1,0,1,1,1
TXN101088,379.02,product_unacceptable,electronics,64,69,1,1,1,1,0,1,0,0
TXN101089,253.3,product_unacceptable,digital_goods,91,2187,0,1,1,1,0,1,1,1
TXN101090,179.12,product_not_received,travel,14,1224,0,1,1,1,0,1,1,1
TXN101091,75.02,duplicate_charge,apparel,113,400,0,1,1,0,0,1,1,1
TXN101092,386.47,product_not_received,subscription,32,2185,0,3,1,1,0,1,1,1
TXN101093,66.89,product_not_received,general,63,2260,0,3,1,1,0,0,1,1
TXN101094,54.54,duplicate_charge,apparel,26,1241,1,3,1,0,0,1,1,1
TXN101095,147.5,product_not_received,apparel,43,1653,1,2,0,0,0,1,1,1
TXN101096,238.29,fraud,electronics,100,1526,1,1,0,0,0,0,1,0
TXN101097,112.93,subscription_cancelled,subscription,6,758,0,1,1,1,0,1,1,1
TXN101098,166.88,credit_not_processed,digital_goods,58,1870,0,6,1,0,0,1,0,1
TXN101099,92.45,fraud,apparel,70,2494,1,1,1,0,0,0,1,1
TXN101100,101.06,fraud,apparel,68,2335,0,2,1,0,0,1,1,0
TXN101101,470.94,product_not_received,electronics,46,1717,1,0,0,1,0,0,1,1
TXN101102,137.29,subscription_cancelled,digital_goods,45,900,0,1,1,0,0,1,0,1
TXN101103,370.22,subscription_cancelled,subscription,109,2271,0,1,1,0,0,1,1,1
TXN101104,30.54,fraud,apparel,29,2318,3,4,1,1,0,1,1,0
TXN101105,308.52,subscription_cancelled,electronics,58,13,0,0,0,1,1,1,1,1
TXN101106,78.14,fraud,digital_goods,44,846,1,1,1,0,0,1,1,1
TXN101107,257.55,product_not_received,subscription,92,1380,0,2,1,0,0,1,1,0
TXN101108,77.6,credit_not_processed,digital_goods,96,1444,1,2,1,0,0,1,0,0
TXN101109,106.9,fraud,apparel,101,1781,0,3,1,0,0,1,1,1
TXN101110,59.37,fraud,electronics,11,1284,1,2,0,0,0,1,1,1
TXN101111,260.98,product_not_received,subscription,12,34,1,4,0,0,0,0,1,0
TXN101112,289.73,duplicate_charge,general,45,414,0,1,1,1,1,0,1,0
TXN101113,80.29,credit_not_processed,subscription,53,1906,1,1,1,1,1,1,1,1
TXN101114,38.51,credit_not_processed,travel,8,1733,1,0,1,1,0,1,1,1
TXN101115,366.69,fraud,subscription,107,1628,0,2,1,1,1,1,1,1
TXN101116,88.44,fraud,digital_goods,107,1102,0,4,0,0,0,1,1,0
TXN101117,131.89,subscription_cancelled,electronics,51,686,0,0,0,0,0,1,1,1
TXN101118,68.71,product_not_received,digital_goods,92,770,2,3,0,1,0,1,1,1
TXN101119,243.8,credit_not_processed,subscription,68,1722,1,1,0,1,1,1,1,0
TXN101120,248.07,duplicate_charge,travel,79,1260,1,0,0,0,1,1,1,0
TXN101121,407.71,fraud,general,104,327,1,3,1,0,0,1,1,0
TXN101122,314.68,subscription_cancelled,general,11,998,0,1,1,1,0,1,0,1
TXN101123,300.09,fraud,apparel,28,2060,1,1,1,0,0,1,1,0
TXN101124,141.29,product_not_received,electronics,51,1497,1,3,1,1,0,0,1,1
TXN101125,128.42,product_unacceptable,apparel,107,2165,0,2,0,0,0,1,1,1
TXN101126,241.44,product_unacceptable,general,71,1271,1,4,1,0,0,1,1,0
TXN101127,135.37,duplicate_charge,subscription,48,1213,1,1,0,0,0,1,0,1
TXN101128,322.01,duplicate_charge,electronics,4,2373,0,2,0,0,0,1,1,1
TXN101129,65.05,credit_not_processed,electronics,71,1268,0,2,0,1,0,0,1,1
TXN101130,29.94,credit_not_processed,travel,33,337,3,2,0,0,0,1,1,0
TXN101131,221.97,product_unacceptable,travel,40,1005,1,0,1,0,1,1,1,0
TXN101132,97.66,fraud,general,119,1619,1,3,1,0,0,1,1,1
TXN101133,56.78,subscription_cancelled,subscription,63,863,0,0,1,0,0,1,1,1
TXN101134,579.52,credit_not_processed,apparel,17,1025,0,1,1,0,0,1,1,1
TXN101135,151.37,product_not_received,electronics,6,2182,1,2,1,0,1,1,1,0
TXN101136,45.87,product_unacceptable,travel,47,1087,0,4,1,0,1,1,1,1
TXN101137,88.5,product_not_received,travel,8,762,2,3,1,1,0,1,0,1
TXN101138,120.19,fraud,general,52,269,0,2,1,1,0,1,1,0
TXN101139,218.73,duplicate_charge,travel,50,1007,0,1,1,0,0,1,1,1
TXN101140,88.87,product_not_received,travel,105,1916,0,1,1,1,0,1,0,0
TXN101141,133.41,subscription_cancelled,apparel,40,749,0,1,1,1,0,1,1,1
TXN101142,183.64,subscription_cancelled,electronics,33,1176,0,1,0,1,0,1,1,1
TXN101143,209.02,subscription_cancelled,general,74,1641,0,1,1,1,1,0,1,0
TXN101144,140.93,product_not_received,subscription,77,2319,0,2,1,0,0,0,1,1
TXN101145,466.02,product_not_received,electronics,5,2035,0,1,1,0,0,1,1,1
TXN101146,245.62,subscription_cancelled,subscription,10,715,0,1,0,1,0,0,1,0
TXN101147,236.2,subscription_cancelled,digital_goods,20,410,0,3,0,1,0,1,0,1
TXN101148,230.18,product_unacceptable,digital_goods,93,1676,0,1,0,0,0,1,1,0
TXN101149,323.69,credit_not_processed,general,25,636,0,1,1,0,0,0,1,1
TXN101150,174.82,fraud,general,119,981,0,0,1,0,1,1,1,1
TXN101151,64.13,credit_not_processed,apparel,53,260,1,0,1,0,0,1,1,1
TXN101152,201.96,fraud,apparel,112,1935,0,3,1,1,1,0,1,0
TXN101153,220.52,fraud,subscription,30,400,1,2,0,0,0,1,1,1
TXN101154,358.23,product_unacceptable,general,51,951,1,1,1,1,0,1,0,1
TXN101155,58.66,fraud,electronics,17,1017,0,2,1,1,0,1,1,1
TXN101156,71.74,fraud,general,101,106,0,1,0,0,0,1,1,1
TXN101157,155.06,fraud,digital_goods,72,1939,0,0,1,1,1,1,1,0
TXN101158,234.8,product_not_received,travel,10,1546,0,1,1,0,0,1,1,1
TXN101159,49.54,subscription_cancelled,electronics,89,1354,1,1,1,0,0,1,1,1
TXN101160,60.07,fraud,subscription,106,444,0,1,1,0,0,1,1,1
TXN101161,274.74,duplicate_charge,subscription,82,133,1,1,0,0,0,1,1,1
TXN101162,51.39,subscription_cancelled,travel,97,139,0,2,1,1,0,1,1,1
TXN101163,72.59,fraud,subscription,33,1562,1,1,1,0,0,0,1,1
TXN101164,286.81,fraud,general,52,1869,0,1,0,1,0,1,1,1
TXN101165,232.4,credit_not_processed,general,102,1988,0,3,1,0,0,1,1,1
TXN101166,89.63,subscription_cancelled,subscription,73,2000,0,0,1,1,0,1,1,0
TXN101167,213.92,product_unacceptable,general,73,983,1,1,0,1,0,1,1,0
TXN101168,185.7,subscription_cancelled,subscription,92,3,1,2,0,1,0,0,1,1
TXN101169,136.79,fraud,subscription,74,612,1,1,0,0,0,0,1,1
TXN101170,110.72,product_not_received,travel,16,1967,1,3,0,0,0,1,1,0
TXN101171,207.97,subscription_cancelled,subscription,26,1909,2,1,1,1,0,1,1,1
TXN101172,55.5,product_not_received,electronics,93,1268,0,2,0,1,0,1,1,0
TXN101173,206.28,subscription_cancelled,travel,29,59,0,1,1,1,0,1,1,1
TXN101174,173.42,product_unacceptable,digital_goods,80,1941,0,2,1,0,0,1,0,0
TXN101175,182.61,subscription_cancelled,general,57,2038,0,1,0,0,0,1,1,1
TXN101176,69.92,product_unacceptable,electronics,74,567,0,2,1,0,0,1,1,1
TXN101177,364.28,product_not_received,travel,29,2010,2,4,0,0,0,1,1,1
TXN101178,89.89,fraud,apparel,37,1599,0,3,1,1,0,1,1,1
TXN101179,101.72,fraud,general,82,2219,0,1,0,0,0,1,1,0
TXN101180,132.71,subscription_cancelled,general,21,1566,2,2,0,0,0,1,0,0
TXN101181,232.02,fraud,apparel,37,223,0,3,1,0,0,1,1,1
TXN101182,178.65,fraud,general,119,1617,0,1,1,1,0,0,1,1
TXN101183,37.2,fraud,digital_goods,19,269,0,0,1,0,0,1,1,1
TXN101184,149.75,fraud,general,69,646,2,1,1,0,0,0,1,1
TXN101185,159.18,subscription_cancelled,subscription,19,2181,0,1,1,1,1,1,1,1
TXN101186,370.22,product_not_received,electronics,85,2420,0,3,0,1,0,1,1,1
TXN101187,118.65,credit_not_processed,apparel,16,1188,0,2,1,0,0,1,1,1
TXN101188,218.1,fraud,digital_goods,69,727,1,1,1,0,0,0,1,0
TXN101189,756.31,duplicate_charge,apparel,53,980,0,3,1,0,0,1,0,1
TXN101190,328.51,product_unacceptable,electronics,83,605,2,3,1,1,0,1,1,1
TXN101191,66.68,product_not_received,general,1,1433,0,0,1,0,0,1,1,1
TXN101192,253.86,credit_not_processed,general,62,1052,3,0,1,0,0,1,1,1
TXN101193,206.9,credit_not_processed,digital_goods,65,146,0,0,1,0,1,0,1,0
TXN101194,115.63,credit_not_processed,apparel,29,1525,0,2,0,0,0,1,1,1
TXN101195,255.9,fraud,apparel,36,1609,1,5,1,1,0,1,1,1
TXN101196,65.83,product_not_received,general,85,1667,0,2,0,1,0,1,1,1
TXN101197,91.38,duplicate_charge,apparel,66,2362,2,0,1,0,0,1,1,1
TXN101198,133.78,product_not_received,electronics,69,1760,0,3,1,0,0,1,1,1
TXN101199,111.48,subscription_cancelled,digital_goods,112,1689,0,2,0,0,0,1,1,0
TXN101200,237.09,product_unacceptable,digital_goods,49,529,0,2,1,0,0,0,0,1
TXN101201,146.69,product_unacceptable,travel,104,1161,1,5,0,0,1,0,0,0
TXN101202,102.87,subscription_cancelled,digital_goods,116,1086,3,0,0,0,0,1,1,1
TXN101203,324.85,duplicate_charge,general,69,2402,0,3,1,1,0,0,1,1
TXN101204,230.9,fraud,travel,26,1185,0,1,1,1,0,1,0,1
TXN101205,44.19,fraud,general,50,1721,1,0,1,1,0,1,1,1
TXN101206,43.41,duplicate_charge,digital_goods,6,1351,1,1,1,0,0,1,1,1
TXN101207,103.45,product_unacceptable,travel,84,142,0,3,1,1,1,1,1,1
TXN101208,49.27,product_not_received,digital_goods,33,2339,0,1,0,0,0,1,1,1
TXN101209,290.54,product_not_received,subscription,110,1675,1,2,1,1,0,1,1,1
TXN101210,94.94,subscription_cancelled,subscription,78,575,0,0,1,0,0,0,1,1
TXN101211,217.91,subscription_cancelled,apparel,59,149,0,2,1,1,0,1,1,1
TXN101212,251.42,product_unacceptable,general,23,2342,1,4,1,0,0,1,1,1
TXN101213,26.21,product_not_received,general,12,768,0,2,0,0,0,1,1,1
TXN101214,98.45,product_not_received,general,81,42,0,1,1,0,0,1,1,1
TXN101215,129.19,product_unacceptable,apparel,92,1539,0,0,1,0,0,1,1,0
TXN101216,184.39,product_not_received,subscription,32,40,0,0,0,1,1,0,1,0
TXN101217,279.52,product_unacceptable,electronics,2,539,0,4,1,1,0,1,1,1
TXN101218,596.43,duplicate_charge,electronics,39,2233,0,1,1,1,0,1,1,1
TXN101219,435.91,fraud,general,91,95,2,3,0,1,0,1,1,0
TXN101220,145.39,fraud,electronics,70,1880,1,0,1,0,0,1,0,0
TXN101221,144.1,fraud,general,11,1544,0,1,1,1,0,1,1,1
TXN101222,406.21,credit_not_processed,digital_goods,14,764,2,2,0,1,1,1,1,0
TXN101223,151.39,duplicate_charge,apparel,13,714,0,0,0,0,0,1,1,1
TXN101224,96.68,fraud,electronics,91,1187,0,3,1,0,0,1,1,0
TXN101225,293.78,credit_not_processed,subscription,94,1332,0,3,1,0,0,0,1,1
TXN101226,190.86,product_unacceptable,subscription,49,2225,0,3,1,1,0,1,1,1
TXN101227,42.8,product_unacceptable,digital_goods,83,652,0,2,1,1,0,1,1,0
TXN101228,119.46,credit_not_processed,subscription,3,1475,1,1,1,0,0,1,1,1
TXN101229,50.66,fraud,apparel,67,1716,0,0,1,1,0,1,0,1
TXN101230,13.46,fraud,travel,33,31,1,0,0,1,0,1,1,1
TXN101231,475.95,duplicate_charge,apparel,98,2239,0,1,1,0,0,1,1,1
TXN101232,166.03,fraud,travel,59,2479,0,3,0,1,0,1,1,1
TXN101233,122.93,duplicate_charge,electronics,102,216,0,2,1,1,0,1,1,1
TXN101234,102.82,fraud,digital_goods,67,654,0,3,0,0,0,1,1,1
TXN101235,153.52,fraud,travel,55,1965,0,4,0,0,0,1,1,1
TXN101236,101.79,fraud,travel,113,2023,1,3,1,1,0,1,1,0
TXN101237,67.72,product_not_received,digital_goods,119,390,2,3,0,0,0,1,1,0
TXN101238,106.61,fraud,travel,55,2293,0,3,1,0,0,1,1,0
TXN101239,380.11,fraud,travel,43,823,1,2,1,1,0,1,1,1
TXN101240,289.26,credit_not_processed,apparel,77,733,0,2,1,0,0,1,1,1
TXN101241,106.72,product_not_received,apparel,21,893,0,1,0,0,0,0,1,1
TXN101242,507.82,product_not_received,travel,46,1678,1,2,0,1,0,1,1,1
TXN101243,144.1,fraud,general,101,515,0,2,1,1,0,1,1,0
TXN101244,81.03,product_not_received,subscription,107,1357,0,2,1,0,0,1,1,1
TXN101245,196.94,product_not_received,travel,50,188,1,2,0,0,0,0,1,0
TXN101246,420.39,duplicate_charge,general,47,367,1,0,0,0,0,1,1,0
TXN101247,368.21,fraud,general,105,1921,0,0,1,0,0,1,1,1
TXN101248,84.36,credit_not_processed,travel,25,959,0,4,0,1,1,1,1,0
TXN101249,56.61,credit_not_processed,electronics,8,1984,0,3,1,0,0,1,1,1
TXN101250,114.48,fraud,travel,9,1844,0,2,0,0,0,1,1,1
TXN101251,220.72,fraud,travel,14,2492,1,3,1,1,0,1,1,1
TXN101252,263.52,fraud,apparel,105,343,1,1,1,1,0,1,1,1
TXN101253,334.0,duplicate_charge,general,5,2336,0,3,0,1,1,1,1,0
TXN101254,172.72,fraud,general,40,2229,0,1,1,0,1,1,1,1
TXN101255,176.85,subscription_cancelled,apparel,72,1086,1,1,0,0,0,0,1,1
TXN101256,168.14,subscription_cancelled,digital_goods,73,338,0,1,1,1,0,1,1,1
TXN101257,305.39,subscription_cancelled,apparel,99,333,0,1,1,1,0,0,1,1
TXN101258,266.7,product_unacceptable,apparel,117,1276,0,0,0,1,0,1,1,1
TXN101259,81.9,credit_not_processed,apparel,48,26,0,4,1,0,1,1,1,0
TXN101260,244.76,fraud,digital_goods,28,239,1,3,1,1,0,1,1,1
TXN101261,292.23,product_not_received,apparel,11,1328,1,2,1,1,0,1,1,1
TXN101262,308.1,product_not_received,electronics,107,1407,2,0,1,0,0,1,1,0
TXN101263,191.01,credit_not_processed,digital_goods,45,2151,2,2,1,0,0,1,1,1
TXN101264,183.66,product_unacceptable,travel,107,2436,0,2,0,0,0,1,1,0
TXN101265,148.79,subscription_cancelled,apparel,42,669,0,4,1,1,0,0,1,1
TXN101266,160.45,fraud,travel,90,825,0,2,0,0,0,0,1,0
TXN101267,457.56,credit_not_processed,apparel,77,497,0,1,1,0,0,1,1,1
TXN101268,164.42,product_unacceptable,subscription,85,561,0,2,1,1,0,0,1,1
TXN101269,87.34,product_unacceptable,travel,78,1097,1,2,0,1,0,1,1,1
TXN101270,193.9,credit_not_processed,general,37,2482,0,1,1,0,0,1,1,1
TXN101271,259.98,product_not_received,electronics,13,2233,0,1,1,1,0,1,1,1
TXN101272,299.56,product_not_received,general,2,2282,1,2,0,0,0,0,1,0
TXN101273,67.06,duplicate_charge,digital_goods,51,1129,0,0,1,0,0,1,1,1
TXN101274,397.34,fraud,electronics,107,1643,0,4,1,1,0,1,1,1
TXN101275,253.35,product_not_received,subscription,77,1806,1,0,0,1,0,1,1,1
TXN101276,382.64,fraud,apparel,81,607,0,0,1,1,0,1,0,0
TXN101277,47.58,fraud,apparel,31,1156,0,2,1,1,0,1,1,1
TXN101278,316.01,credit_not_processed,general,58,1375,0,3,0,1,0,0,1,1
TXN101279,64.35,duplicate_charge,apparel,49,932,1,4,1,1,0,1,1,1
TXN101280,124.94,product_not_received,travel,17,1182,1,2,1,1,0,0,1,1
TXN101281,259.02,product_not_received,apparel,74,1102,1,3,0,1,0,0,1,1
TXN101282,59.1,product_not_received,electronics,44,152,1,2,1,0,0,1,1,1
TXN101283,101.17,duplicate_charge,electronics,48,1921,0,0,1,1,0,1,1,0
TXN101284,46.8,credit_not_processed,electronics,72,2251,0,0,1,0,0,1,1,1
TXN101285,254.35,credit_not_processed,digital_goods,4,1886,1,1,1,1,0,1,1,1
TXN101286,80.78,product_not_received,digital_goods,112,2334,0,0,0,0,0,1,1,1
TXN101287,156.84,product_not_received,electronics,27,1079,0,2,0,0,0,0,1,1
TXN101288,207.17,product_unacceptable,digital_goods,81,139,0,2,1,1,0,1,1,1
TXN101289,192.33,product_unacceptable,apparel,93,669,0,1,1,1,0,1,1,1
TXN101290,180.12,product_unacceptable,travel,19,2134,1,0,1,0,0,1,1,0
TXN101291,179.87,duplicate_charge,general,30,347,0,1,1,0,0,1,0,1
TXN101292,49.63,product_unacceptable,subscription,50,1367,0,0,1,0,0,1,1,1
TXN101293,130.21,product_not_received,general,98,3,0,2,1,1,0,1,1,1
TXN101294,178.72,product_not_received,apparel,76,809,1,3,0,0,0,1,1,0
TXN101295,165.07,product_not_received,apparel,56,283,1,3,1,1,0,1,1,1
TXN101296,141.74,fraud,subscription,102,283,0,1,0,1,1,1,1,0
TXN101297,89.91,fraud,apparel,57,411,0,2,0,0,0,1,1,0
TXN101298,189.38,subscription_cancelled,general,106,1345,1,2,0,0,0,1,1,1
TXN101299,214.79,product_not_received,digital_goods,92,1724,0,2,1,1,0,1,1,1
TXN101300,111.95,fraud,apparel,21,720,1,2,1,1,0,1,1,1
TXN101301,300.96,product_unacceptable,general,46,2044,0,2,0,0,0,1,1,1
TXN101302,402.81,subscription_cancelled,travel,3,979,0,0,1,0,0,1,1,1
TXN101303,159.12,product_not_received,subscription,29,1842,1,2,1,1,0,1,1,1
TXN101304,83.38,subscription_cancelled,digital_goods,3,1324,0,1,1,0,0,1,1,1
TXN101305,58.47,credit_not_processed,electronics,13,1808,0,3,0,0,0,1,1,1
TXN101306,123.57,duplicate_charge,subscription,1,2446,0,3,0,0,0,1,1,0
TXN101307,150.71,duplicate_charge,electronics,80,2485,0,0,0,0,0,0,0,1
TXN101308,55.83,fraud,travel,49,1467,1,3,1,1,0,1,0,1
TXN101309,120.71,credit_not_processed,digital_goods,56,2406,1,0,1,1,0,1,1,1
TXN101310,290.49,product_not_received,subscription,91,1753,2,0,0,1,0,1,1,1
TXN101311,22.35,credit_not_processed,general,97,672,0,0,0,0,0,1,1,0
TXN101312,166.45,product_unacceptable,digital_goods,64,2338,0,0,1,0,0,0,1,0
TXN101313,100.69,fraud,general,55,362,0,1,1,0,0,1,1,1
TXN101314,154.15,fraud,electronics,78,1170,0,2,0,1,0,1,0,1
TXN101315,417.03,duplicate_charge,electronics,50,383,1,2,1,0,0,1,1,1
TXN101316,148.9,product_unacceptable,general,53,1961,0,0,1,1,0,1,1,1
TXN101317,133.49,fraud,travel,36,2239,1,1,1,0,1,0,1,0
TXN101318,243.32,subscription_cancelled,digital_goods,23,2046,0,1,1,0,0,1,1,1
TXN101319,191.21,subscription_cancelled,electronics,24,255,0,1,1,0,0,1,1,1
TXN101320,166.96,product_unacceptable,apparel,78,677,0,1,1,0,0,1,1,1
TXN101321,196.09,product_unacceptable,subscription,99,850,0,1,1,0,0,1,1,1
TXN101322,344.22,fraud,subscription,51,289,0,0,0,0,0,1,1,1
TXN101323,278.03,subscription_cancelled,general,12,1325,0,3,0,0,1,0,1,0
TXN101324,126.72,product_not_received,digital_goods,73,85,0,2,0,0,0,0,1,1
TXN101325,402.64,credit_not_processed,digital_goods,108,1533,1,1,0,0,0,1,1,1
TXN101326,105.54,product_not_received,electronics,63,1436,1,3,1,1,0,1,1,1
TXN101327,166.46,product_unacceptable,electronics,4,1489,0,1,0,1,0,1,1,1
TXN101328,180.34,product_not_received,digital_goods,10,2282,0,2,1,0,0,1,1,1
TXN101329,122.23,fraud,travel,63,1966,1,0,1,0,1,1,1,1
TXN101330,374.53,subscription_cancelled,electronics,103,649,0,1,1,1,0,1,1,1
TXN101331,117.66,product_unacceptable,digital_goods,7,1429,2,1,0,1,1,1,1,0
TXN101332,140.45,product_unacceptable,travel,90,2006,1,1,0,1,0,1,1,1
TXN101333,305.53,credit_not_processed,subscription,93,2127,1,1,0,0,0,1,1,0
TXN101334,108.59,credit_not_processed,general,7,1607,1,0,1,1,0,1,1,1
TXN101335,53.84,subscription_cancelled,digital_goods,26,211,0,0,0,1,0,1,1,0
TXN101336,169.89,fraud,digital_goods,1,1086,0,1,0,0,0,0,1,0
TXN101337,68.37,duplicate_charge,general,68,2147,1,0,0,0,0,1,1,1
TXN101338,62.16,credit_not_processed,subscription,21,184,1,2,1,1,0,1,0,1
TXN101339,22.86,product_not_received,apparel,110,1475,0,1,1,1,1,1,1,0
TXN101340,25.97,fraud,subscription,11,1351,0,1,1,0,0,1,1,1
TXN101341,27.91,subscription_cancelled,electronics,78,557,0,1,0,1,0,1,1,1
TXN101342,437.52,product_unacceptable,digital_goods,94,860,1,1,0,0,0,0,1,0
TXN101343,27.8,product_unacceptable,apparel,22,2444,0,1,1,1,0,1,1,1
TXN101344,66.94,credit_not_processed,general,31,1489,0,2,0,0,0,1,1,0
TXN101345,142.2,duplicate_charge,electronics,95,2349,0,0,0,0,0,1,1,1
TXN101346,236.02,product_not_received,general,12,1178,1,2,1,0,0,1,0,1
TXN101347,252.73,product_not_received,apparel,53,2114,1,2,1,0,0,0,1,1
TXN101348,83.42,product_not_received,electronics,30,1549,1,0,1,1,0,1,1,1
TXN101349,164.29,fraud,travel,2,2278,1,2,1,1,1,1,1,1
TXN101350,139.16,subscription_cancelled,subscription,54,816,1,0,0,0,0,0,1,0
TXN101351,157.62,subscription_cancelled,electronics,58,955,1,0,0,0,0,1,1,1
TXN101352,173.03,product_not_received,electronics,42,101,0,1,0,0,1,0,1,1
TXN101353,206.69,product_not_received,electronics,97,569,1,3,0,0,0,0,1,0
TXN101354,99.23,credit_not_processed,digital_goods,12,346,0,3,1,0,1,1,1,1
TXN101355,118.34,fraud,electronics,52,457,1,5,1,0,1,0,1,0
TXN101356,579.87,product_unacceptable,subscription,22,770,0,0,1,0,0,1,1,1
TXN101357,104.01,product_unacceptable,electronics,91,2184,0,3,1,1,0,1,1,1
TXN101358,166.38,duplicate_charge,subscription,67,946,1,4,1,1,0,1,1,1
TXN101359,140.08,fraud,general,84,2066,0,2,1,0,0,1,1,1
TXN101360,161.74,duplicate_charge,subscription,13,2036,0,0,0,1,0,1,1,0
TXN101361,310.92,product_not_received,general,55,2452,1,5,0,0,0,1,1,0
TXN101362,134.23,duplicate_charge,general,7,1271,0,5,1,1,0,1,0,1
TXN101363,59.96,fraud,electronics,39,2120,2,0,0,0,0,1,1,0
TXN101364,97.83,product_unacceptable,digital_goods,113,1048,2,2,0,0,1,1,1,0
TXN101365,134.45,product_unacceptable,subscription,87,1580,0,2,1,0,0,1,1,1
TXN101366,177.03,fraud,digital_goods,10,2027,0,0,0,1,0,1,1,1
TXN101367,83.74,fraud,subscription,44,355,1,2,1,1,0,1,1,1
TXN101368,91.27,fraud,subscription,104,143,0,3,0,1,0,1,1,1
TXN101369,181.61,product_not_received,general,21,412,2,4,1,1,0,1,1,1
TXN101370,186.06,fraud,apparel,91,1802,2,3,1,1,0,1,1,1
TXN101371,282.29,credit_not_processed,digital_goods,39,1184,1,3,0,1,0,1,0,0
TXN101372,96.88,product_not_received,electronics,57,700,1,1,0,0,0,1,1,1
TXN101373,220.82,subscription_cancelled,apparel,105,1919,2,3,1,0,0,1,1,1
TXN101374,140.28,credit_not_processed,apparel,81,37,1,3,1,1,0,0,1,1
TXN101375,107.98,fraud,digital_goods,34,433,0,2,0,1,0,1,1,1
TXN101376,143.67,duplicate_charge,digital_goods,2,1174,0,2,1,0,0,1,1,1
TXN101377,158.52,credit_not_processed,general,28,2288,0,2,0,1,0,1,1,1
TXN101378,54.54,duplicate_charge,subscription,50,1872,1,2,0,1,1,0,1,0
TXN101379,58.32,product_not_received,subscription,16,1709,0,2,1,0,0,1,1,1
TXN101380,241.62,product_not_received,electronics,105,1777,0,1,0,1,0,1,1,1
TXN101381,116.16,fraud,digital_goods,7,780,0,0,1,1,0,1,1,1
TXN101382,177.94,product_unacceptable,subscription,65,1119,0,2,1,0,0,1,1,0
TXN101383,236.81,credit_not_processed,apparel,117,2214,2,0,1,1,1,1,1,1
TXN101384,144.29,credit_not_processed,digital_goods,40,1823,1,4,0,0,1,1,1,0
TXN101385,223.58,fraud,subscription,64,1496,0,1,1,1,0,1,1,1
TXN101386,159.25,duplicate_charge,subscription,9,207,0,0,1,0,0,1,1,1
TXN101387,164.6,product_not_received,general,87,1832,1,1,0,0,0,1,1,1
TXN101388,327.74,credit_not_processed,digital_goods,117,914,0,2,0,1,0,0,1,1
TXN101389,133.15,fraud,digital_goods,92,963,0,1,1,0,0,1,1,1
TXN101390,243.49,credit_not_processed,digital_goods,18,1684,0,1,1,0,0,1,1,1
TXN101391,46.31,subscription_cancelled,subscription,42,983,0,2,0,0,1,1,1,0
TXN101392,173.47,fraud,digital_goods,87,1432,0,2,1,0,1,1,1,1
TXN101393,382.83,fraud,digital_goods,96,31,1,1,1,0,0,1,1,0
TXN101394,606.59,subscription_cancelled,apparel,49,462,0,2,0,0,0,0,1,0
TXN101395,48.46,fraud,digital_goods,115,1344,0,2,0,0,0,1,1,0
TXN101396,115.73,product_unacceptable,apparel,25,2394,0,1,0,0,0,1,1,0
TXN101397,69.66,credit_not_processed,travel,89,1901,1,2,1,1,0,1,1,1
TXN101398,137.06,product_unacceptable,general,60,1043,0,0,1,1,0,1,1,1
TXN101399,270.41,product_not_received,subscription,85,2422,2,3,0,1,1,0,1,0
TXN101400,335.47,product_unacceptable,digital_goods,71,688,0,0,1,0,0,1,1,1
TXN101401,342.59,fraud,general,52,2230,1,4,1,1,0,1,1,0
TXN101402,44.6,credit_not_processed,general,98,1008,1,2,1,0,1,1,1,0
TXN101403,156.07,product_not_received,digital_goods,101,217,1,0,0,1,0,1,1,1
TXN101404,95.35,fraud,subscription,98,6,0,3,0,0,0,0,1,0
TXN101405,131.27,product_not_received,digital_goods,11,2451,1,0,1,1,0,1,0,1
TXN101406,106.07,credit_not_processed,general,51,1605,0,2,0,1,0,1,0,1
TXN101407,46.69,fraud,digital_goods,90,373,0,0,0,1,0,0,1,0
TXN101408,337.62,credit_not_processed,apparel,104,2479,1,1,1,1,0,1,1,1
TXN101409,84.41,duplicate_charge,electronics,44,102,0,2,1,0,0,1,1,1
TXN101410,96.76,subscription_cancelled,general,89,836,0,1,1,0,0,0,1,1
TXN101411,384.33,credit_not_processed,apparel,68,1872,0,2,1,0,0,1,1,1
TXN101412,39.56,subscription_cancelled,subscription,27,133,1,0,1,0,0,1,1,1
TXN101413,204.65,credit_not_processed,electronics,107,2264,0,0,0,1,0,1,1,1
TXN101414,295.77,fraud,travel,53,1695,1,2,1,1,0,1,1,1
TXN101415,364.69,subscription_cancelled,digital_goods,72,2374,0,1,0,1,0,1,1,1
TXN101416,195.13,product_unacceptable,digital_goods,35,2093,0,2,1,1,0,1,1,1
TXN101417,246.5,product_unacceptable,apparel,4,2062,1,1,1,0,0,1,1,1
TXN101418,295.67,credit_not_processed,electronics,54,568,1,1,1,1,0,1,1,1
TXN101419,138.63,credit_not_processed,digital_goods,86,512,1,0,1,1,0,1,1,1
TXN101420,75.05,duplicate_charge,digital_goods,39,605,0,2,0,1,0,1,1,1
TXN101421,403.2,product_unacceptable,subscription,111,385,0,1,1,0,0,1,1,1
TXN101422,228.95,product_unacceptable,digital_goods,90,1660,0,2,0,0,0,1,1,0
TXN101423,155.94,product_not_received,apparel,77,147,0,4,1,0,0,1,1,1
TXN101424,48.9,product_not_received,apparel,96,1071,0,4,0,0,0,1,1,1
TXN101425,18.46,product_not_received,travel,103,1454,2,0,0,0,0,1,1,0
TXN101426,201.91,fraud,digital_goods,86,1347,1,2,0,0,0,1,1,0
TXN101427,17.3,fraud,general,99,1218,0,2,1,0,0,1,1,0
TXN101428,154.73,subscription_cancelled,digital_goods,85,557,2,0,1,1,0,1,1,1
TXN101429,87.59,product_unacceptable,travel,103,273,0,3,1,0,0,1,1,0
TXN101430,105.86,credit_not_processed,electronics,13,2470,0,1,0,1,0,1,0,1
TXN101431,345.02,duplicate_charge,apparel,41,1162,1,2,0,0,0,1,1,1
TXN101432,88.26,fraud,general,106,1487,0,1,1,0,1,1,1,0
TXN101433,160.36,fraud,digital_goods,57,1418,0,1,0,0,0,1,1,0
TXN101434,88.64,fraud,digital_goods,2,922,0,0,1,0,0,0,1,0
TXN101435,189.09,credit_not_processed,travel,101,1807,0,2,1,0,0,1,0,1
TXN101436,170.82,fraud,electronics,79,940,1,1,1,1,0,1,1,1
TXN101437,154.8,product_unacceptable,travel,109,1035,1,2,0,0,0,1,1,0
TXN101438,296.39,credit_not_processed,digital_goods,2,2008,0,2,1,0,0,1,1,1
TXN101439,39.65,credit_not_processed,electronics,18,795,0,2,1,0,0,1,1,1
TXN101440,30.53,product_not_received,digital_goods,61,1748,0,1,1,0,0,1,1,1
TXN101441,57.04,fraud,digital_goods,22,1664,2,1,1,1,0,1,1,1
TXN101442,171.43,fraud,apparel,62,76,2,1,0,0,0,1,0,0
TXN101443,211.92,fraud,travel,42,1710,0,1,1,0,0,1,1,0
TXN101444,9.06,fraud,subscription,26,2003,1,1,1,1,1,1,1,1
TXN101445,210.01,product_unacceptable,apparel,92,676,0,1,0,1,0,1,1,0
TXN101446,117.92,credit_not_processed,general,5,2285,0,2,0,0,0,1,1,0
TXN101447,409.96,product_unacceptable,travel,105,49,0,1,1,1,0,1,1,1
TXN101448,199.53,duplicate_charge,subscription,19,449,0,1,0,0,1,1,1,1
TXN101449,379.39,fraud,electronics,70,2364,0,2,1,0,0,1,1,1
TXN101450,333.79,subscription_cancelled,subscription,118,2138,0,3,0,1,1,1,1,0
TXN101451,117.97,duplicate_charge,digital_goods,14,1888,0,1,1,1,0,1,1,1
TXN101452,271.2,credit_not_processed,subscription,111,1509,0,3,1,0,0,1,1,1
TXN101453,117.78,credit_not_processed,subscription,37,502,0,0,1,0,0,1,1,1
TXN101454,443.33,product_not_received,apparel,89,1223,0,2,1,1,0,1,1,1
TXN101455,126.43,fraud,apparel,102,1414,0,2,0,1,0,1,0,0
TXN101456,218.94,product_not_received,electronics,28,224,2,2,0,0,0,1,1,0
TXN101457,497.53,product_not_received,travel,42,1487,2,3,0,1,0,1,1,1
TXN101458,225.6,credit_not_processed,subscription,103,223,1,3,1,0,0,1,1,1
TXN101459,108.64,product_not_received,digital_goods,13,314,0,2,0,1,0,1,1,1
TXN101460,51.42,subscription_cancelled,electronics,13,425,1,1,1,1,1,1,1,1
TXN101461,39.99,product_unacceptable,apparel,36,479,0,1,1,0,0,0,1,1
TXN101462,209.28,fraud,digital_goods,72,205,0,0,1,0,1,1,1,0
TXN101463,143.63,product_not_received,general,96,2391,0,0,1,0,0,1,1,1
TXN101464,57.95,duplicate_charge,electronics,67,2006,0,1,1,1,0,1,1,1
TXN101465,251.84,duplicate_charge,digital_goods,59,1270,0,0,1,0,0,1,1,1
TXN101466,249.49,product_not_received,travel,104,921,1,0,0,1,0,1,0,0
TXN101467,141.75,product_not_received,apparel,21,478,1,1,0,0,0,1,1,1
TXN101468,390.32,subscription_cancelled,general,108,2372,0,1,1,0,0,0,1,1
TXN101469,33.36,fraud,general,38,1993,1,0,0,0,1,1,1,0
TXN101470,111.88,credit_not_processed,digital_goods,33,1879,0,1,1,0,1,1,1,1
TXN101471,224.76,fraud,subscription,114,1176,1,2,1,0,0,1,1,0
TXN101472,63.94,fraud,subscription,77,68,0,0,1,1,0,1,1,1
TXN101473,268.85,product_unacceptable,subscription,52,1596,1,1,0,1,0,1,0,1
TXN101474,323.08,product_unacceptable,apparel,40,1218,0,2,0,0,0,0,1,1
TXN101475,12.8,product_unacceptable,electronics,53,743,0,1,1,1,0,1,1,1
TXN101476,398.95,product_not_received,digital_goods,95,787,0,2,0,0,0,1,1,1
TXN101477,215.48,credit_not_processed,electronics,19,144,0,1,0,1,0,1,1,1
TXN101478,101.87,product_unacceptable,apparel,21,2179,1,0,1,0,0,1,1,1
TXN101479,43.26,product_unacceptable,travel,37,412,2,3,1,0,1,0,1,1
TXN101480,293.33,product_not_received,travel,58,2032,0,4,1,1,0,1,1,1
TXN101481,55.33,fraud,apparel,97,2432,0,3,1,0,0,1,1,0
TXN101482,215.2,duplicate_charge,electronics,26,114,1,3,1,1,0,1,1,1
TXN101483,57.37,product_not_received,apparel,94,1558,1,1,0,1,0,1,1,0
TXN101484,152.18,duplicate_charge,digital_goods,109,166,2,0,1,0,0,0,1,1
TXN101485,284.63,fraud,subscription,52,2077,0,3,1,0,0,1,1,1
TXN101486,102.95,credit_not_processed,digital_goods,115,1267,0,2,1,0,0,1,0,1
TXN101487,397.18,product_unacceptable,apparel,107,53,0,4,1,0,0,1,1,1
TXN101488,228.38,credit_not_processed,travel,95,1930,1,2,0,0,0,1,1,0
TXN101489,64.12,product_unacceptable,electronics,46,1913,0,1,1,0,0,1,1,0
TXN101490,46.49,fraud,apparel,36,2312,2,3,1,0,0,1,1,0
TXN101491,80.04,subscription_cancelled,electronics,103,1212,1,0,1,0,0,0,0,1
TXN101492,146.85,duplicate_charge,travel,53,2332,0,0,0,0,0,0,1,1
TXN101493,422.09,subscription_cancelled,digital_goods,4,1663,0,0,1,0,0,0,1,1
TXN101494,475.05,product_not_received,travel,86,1314,0,2,1,0,0,1,1,1
TXN101495,99.84,duplicate_charge,travel,42,895,0,2,1,1,0,1,1,1
TXN101496,97.36,subscription_cancelled,digital_goods,112,732,0,2,0,1,1,1,1,0
TXN101497,255.18,duplicate_charge,general,102,1552,0,1,0,0,0,1,1,1
TXN101498,253.75,product_not_received,general,13,1848,1,3,1,1,0,1,1,1
TXN101499,356.1,duplicate_charge,electronics,108,89,1,4,0,0,0,1,1,1
TXN101500,362.41,duplicate_charge,general,114,1029,0,2,1,0,1,1,1,1
TXN101501,75.44,credit_not_processed,apparel,91,113,0,2,1,0,0,1,1,1
TXN101502,38.35,product_not_received,apparel,33,991,0,1,1,0,0,0,1,1
TXN101503,230.71,product_not_received,travel,80,1997,0,4,1,1,1,0,1,1
TXN101504,178.12,subscription_cancelled,electronics,104,1726,1,3,1,0,0,1,0,1
TXN101505,22.08,product_unacceptable,digital_goods,98,311,1,3,0,1,0,1,0,0
TXN101506,37.48,subscription_cancelled,apparel,52,1792,1,0,0,0,0,1,1,1
TXN101507,223.0,product_unacceptable,digital_goods,85,34,1,3,1,0,0,1,1,1
TXN101508,137.28,fraud,subscription,46,30,0,1,0,0,0,1,1,0
TXN101509,226.56,subscription_cancelled,general,31,2281,1,3,0,0,0,1,1,1
TXN101510,60.37,fraud,apparel,81,81,1,3,1,0,0,0,1,0
TXN101511,238.11,fraud,travel,56,663,2,3,1,0,0,1,1,1
TXN101512,194.26,duplicate_charge,digital_goods,27,329,0,0,1,0,0,1,1,1
TXN101513,250.36,subscription_cancelled,digital_goods,79,1455,0,3,0,1,0,1,1,1
TXN101514,105.61,credit_not_processed,travel,39,1305,1,1,1,1,1,1,1,1
TXN101515,88.24,product_not_received,general,70,2097,1,3,1,1,0,1,1,1
TXN101516,43.2,fraud,digital_goods,44,2467,0,0,0,1,1,1,1,0
TXN101517,119.95,credit_not_processed,electronics,106,1864,1,1,1,0,1,1,1,1
TXN101518,313.87,fraud,general,102,1166,0,2,1,1,0,1,1,1
TXN101519,373.17,fraud,general,57,116,0,1,1,1,0,1,1,1
TXN101520,55.76,product_not_received,apparel,85,2306,2,3,1,0,0,1,1,1
TXN101521,146.76,product_unacceptable,travel,22,1402,0,1,1,1,0,1,1,1
TXN101522,426.25,credit_not_processed,general,119,543,0,1,1,0,0,1,1,1
TXN101523,464.53,subscription_cancelled,travel,26,1354,0,0,0,0,0,1,1,1
TXN101524,116.17,duplicate_charge,digital_goods,104,979,0,1,1,0,1,1,1,0
TXN101525,332.68,fraud,general,101,875,0,1,1,0,0,0,1,1
TXN101526,295.43,product_not_received,subscription,22,1133,1,3,1,0,0,1,1,1
TXN101527,279.21,product_unacceptable,travel,2,1883,1,1,1,1,1,1,1,1
TXN101528,32.56,fraud,electronics,88,409,0,0,1,0,0,0,1,0
TXN101529,95.08,product_not_received,digital_goods,104,2410,0,1,0,0,0,1,1,0
TXN101530,135.03,product_not_received,subscription,86,156,0,1,1,0,0,1,1,1
TXN101531,132.09,fraud,apparel,7,367,1,2,1,1,1,1,1,1
TXN101532,145.58,product_unacceptable,travel,77,1690,1,1,0,1,0,0,1,1
TXN101533,498.05,duplicate_charge,travel,47,363,1,2,1,0,0,1,1,1
TXN101534,119.31,fraud,electronics,109,1944,0,1,0,1,0,1,1,0
TXN101535,200.77,product_unacceptable,travel,96,1836,1,2,0,1,0,1,0,1
TXN101536,195.7,subscription_cancelled,subscription,96,1074,0,2,1,1,0,1,1,1
TXN101537,146.95,subscription_cancelled,apparel,49,1136,1,2,1,1,0,1,0,1
TXN101538,58.98,subscription_cancelled,travel,39,2499,0,2,1,0,0,1,1,1
TXN101539,161.99,product_unacceptable,subscription,98,1988,1,2,1,0,0,1,1,1
TXN101540,21.66,subscription_cancelled,electronics,14,1580,2,1,1,1,0,1,1,1
TXN101541,215.22,product_not_received,travel,12,352,2,2,0,1,0,1,1,1
TXN101542,18.11,product_not_received,apparel,8,1474,1,0,0,0,1,1,1,0
TXN101543,201.75,fraud,digital_goods,61,99,0,1,1,0,0,1,1,1
TXN101544,91.02,product_unacceptable,travel,9,629,1,1,1,0,0,1,1,0
TXN101545,66.44,product_not_received,electronics,70,1744,0,5,1,0,0,0,1,1
TXN101546,257.91,product_not_received,electronics,20,1019,0,1,0,1,1,1,1,1
TXN101547,108.7,subscription_cancelled,digital_goods,107,2486,0,0,1,0,0,1,1,0
TXN101548,155.84,product_not_received,general,52,2348,3,5,0,0,0,1,1,0
TXN101549,33.68,product_not_received,electronics,12,236,0,0,1,0,0,0,1,1
TXN101550,391.63,fraud,subscription,83,2208,0,3,0,0,0,1,0,1
TXN101551,167.32,product_not_received,electronics,41,2160,0,4,0,0,0,1,1,1
TXN101552,167.02,product_not_received,digital_goods,32,265,0,5,1,0,0,1,1,1
TXN101553,218.55,product_not_received,digital_goods,79,963,0,2,1,0,0,1,1,1
TXN101554,11.2,product_not_received,digital_goods,114,2371,1,2,1,0,0,1,1,1
TXN101555,417.89,subscription_cancelled,electronics,117,41,2,1,0,0,0,0,1,0
TXN101556,115.91,credit_not_processed,subscription,52,146,0,0,1,0,0,1,1,0
TXN101557,401.55,product_unacceptable,apparel,101,1275,0,1,1,0,0,1,1,1
TXN101558,112.72,duplicate_charge,subscription,25,2382,1,2,1,1,0,1,1,1
TXN101559,93.25,credit_not_processed,travel,101,697,0,1,0,1,0,1,1,1
TXN101560,208.13,credit_not_processed,travel,113,1932,2,3,1,0,0,1,1,1
TXN101561,563.99,duplicate_charge,apparel,62,1733,0,2,1,1,0,1,1,1
TXN101562,332.44,credit_not_processed,travel,63,365,0,2,1,0,0,1,1,1
TXN101563,224.67,credit_not_processed,general,68,719,1,2,0,0,0,1,0,1
TXN101564,205.8,subscription_cancelled,general,9,1560,0,2,0,0,0,1,1,1
TXN101565,160.87,product_unacceptable,general,103,1204,0,0,1,1,0,1,1,1
TXN101566,389.61,fraud,apparel,88,593,0,2,1,1,0,1,1,1
TXN101567,262.48,fraud,travel,104,501,0,0,1,1,0,1,0,1
TXN101568,42.32,product_unacceptable,digital_goods,14,1392,1,0,1,1,0,1,1,1
TXN101569,66.79,product_unacceptable,general,96,2070,0,1,1,0,1,1,1,0
TXN101570,230.14,product_not_received,general,44,1032,2,1,1,1,0,1,1,1
TXN101571,56.93,product_unacceptable,general,98,2313,1,3,1,1,0,1,1,1
TXN101572,166.62,product_unacceptable,electronics,119,1668,0,0,0,0,0,1,1,0
TXN101573,277.72,subscription_cancelled,apparel,105,1008,0,1,1,0,0,0,1,0
TXN101574,209.19,fraud,subscription,109,1767,0,2,1,0,0,0,0,0
TXN101575,49.16,product_not_received,subscription,14,1122,1,2,0,0,0,0,1,0
TXN101576,70.13,subscription_cancelled,digital_goods,40,1891,0,2,0,0,0,1,1,1
TXN101577,213.89,subscription_cancelled,electronics,35,2456,0,1,1,0,0,1,1,1
TXN101578,524.03,credit_not_processed,electronics,62,1969,1,3,1,0,0,1,1,1
TXN101579,141.55,credit_not_processed,subscription,117,355,0,2,0,0,0,0,1,0
TXN101580,284.35,credit_not_processed,digital_goods,82,179,0,1,0,0,0,0,1,1
TXN101581,210.5,product_not_received,digital_goods,65,2021,0,2,1,1,0,1,1,1
TXN101582,90.23,product_not_received,subscription,96,2118,0,2,0,0,1,1,1,1
TXN101583,286.59,product_not_received,electronics,21,1418,0,0,0,1,0,1,1,1
TXN101584,32.66,duplicate_charge,subscription,79,612,0,1,1,0,0,1,1,1
TXN101585,272.41,credit_not_processed,apparel,60,2201,0,2,0,0,0,1,1,1
TXN101586,219.74,product_not_received,general,25,1121,0,0,0,0,0,1,1,1
TXN101587,97.5,product_unacceptable,general,77,731,0,0,1,0,0,1,1,1
TXN101588,61.61,product_not_received,travel,101,915,0,2,1,0,0,1,1,1
TXN101589,104.74,fraud,apparel,99,740,0,1,1,0,0,1,1,1
TXN101590,84.58,fraud,apparel,101,705,2,2,0,1,0,1,1,0
TXN101591,124.45,fraud,apparel,97,814,0,0,1,0,0,1,1,1
TXN101592,113.7,credit_not_processed,general,56,1685,0,1,1,0,0,1,1,1
TXN101593,97.46,product_not_received,apparel,6,41,0,3,1,0,0,1,1,1
TXN101594,31.33,subscription_cancelled,digital_goods,115,907,2,1,0,1,0,1,1,1
TXN101595,53.92,duplicate_charge,digital_goods,54,424,0,2,0,1,0,0,1,1
TXN101596,318.0,fraud,subscription,76,1620,0,1,1,0,0,1,1,1
TXN101597,99.82,fraud,general,3,2486,0,0,0,0,0,0,0,0
TXN101598,126.34,subscription_cancelled,travel,106,1969,0,0,1,1,1,1,1,1
TXN101599,108.84,product_not_received,subscription,106,622,0,0,1,1,0,1,0,1
TXN101600,395.57,credit_not_processed,travel,111,1282,0,1,1,1,0,1,1,1
TXN101601,82.88,fraud,digital_goods,21,49,1,2,1,1,0,0,1,0
TXN101602,77.93,duplicate_charge,electronics,101,1032,0,0,1,0,0,1,1,1
TXN101603,223.2,subscription_cancelled,apparel,75,696,2,0,0,0,1,0,0,0
TXN101604,176.28,product_not_received,digital_goods,18,1254,2,0,1,0,0,1,1,1
TXN101605,227.6,product_not_received,electronics,68,1020,0,0,1,1,0,0,1,1
TXN101606,217.59,credit_not_processed,apparel,57,1706,0,1,0,1,1,1,0,0
TXN101607,291.68,product_not_received,digital_goods,75,1369,0,0,1,0,0,1,1,1
TXN101608,47.94,product_not_received,digital_goods,10,2347,1,2,1,0,0,1,1,1
TXN101609,208.38,product_not_received,subscription,68,171,0,3,0,1,0,1,1,1
TXN101610,78.36,product_not_received,general,81,2361,0,2,1,0,1,1,1,0
TXN101611,22.76,subscription_cancelled,subscription,86,1976,1,3,1,1,1,1,0,1
TXN101612,216.54,subscription_cancelled,electronics,92,1782,0,5,0,1,0,1,1,1
TXN101613,207.75,product_not_received,digital_goods,75,2063,0,1,0,0,0,0,1,0
TXN101614,151.22,subscription_cancelled,subscription,84,125,1,3,0,0,0,1,1,1
TXN101615,295.17,fraud,travel,11,532,0,1,1,0,0,1,1,1
TXN101616,78.91,fraud,digital_goods,95,2,0,1,1,0,0,0,1,1
TXN101617,241.85,product_unacceptable,digital_goods,44,1996,0,4,1,0,0,1,1,1
TXN101618,135.25,credit_not_processed,digital_goods,66,886,0,2,1,1,0,1,1,1
TXN101619,143.31,fraud,travel,66,903,0,1,1,0,1,1,1,0
TXN101620,26.31,fraud,apparel,117,1526,1,2,0,1,0,0,1,0
TXN101621,297.22,product_unacceptable,travel,39,1057,0,3,1,0,0,1,1,1
TXN101622,202.08,subscription_cancelled,apparel,46,1593,0,0,1,1,0,1,1,1
TXN101623,235.44,fraud,subscription,91,2340,0,3,0,0,0,1,1,0
TXN101624,69.91,product_not_received,general,76,830,0,0,0,1,0,1,1,0
TXN101625,185.67,subscription_cancelled,travel,38,2229,0,0,1,0,1,1,1,1
TXN101626,135.03,product_not_received,digital_goods,41,1330,0,2,1,1,0,1,1,1
TXN101627,209.67,fraud,general,99,937,0,2,1,0,0,1,1,1
TXN101628,179.56,fraud,travel,100,2297,1,0,1,1,0,0,1,0
TXN101629,446.93,product_not_received,digital_goods,18,1220,0,2,0,0,0,1,1,1
TXN101630,358.58,product_unacceptable,electronics,48,319,1,0,0,1,0,0,1,1
TXN101631,123.46,credit_not_processed,electronics,92,716,1,1,1,0,0,1,1,1
TXN101632,216.36,duplicate_charge,apparel,15,2113,0,2,1,0,0,1,1,1
TXN101633,115.59,duplicate_charge,apparel,22,1288,1,3,1,1,0,1,1,1
TXN101634,289.84,credit_not_processed,subscription,19,1400,1,2,0,0,0,1,1,1
TXN101635,139.39,product_not_received,travel,63,1704,0,2,0,1,0,1,0,1
TXN101636,103.41,product_not_received,general,54,486,0,0,1,0,0,1,1,1
TXN101637,183.82,credit_not_processed,travel,39,231,0,0,0,1,0,1,1,1
TXN101638,340.27,product_not_received,general,17,1100,0,2,0,0,1,0,1,1
TXN101639,305.14,subscription_cancelled,travel,76,2299,1,0,1,0,0,1,1,1
TXN101640,108.22,subscription_cancelled,digital_goods,97,317,1,2,1,1,0,1,1,1
TXN101641,421.4,fraud,subscription,26,1797,0,2,0,1,1,1,1,0
TXN101642,73.55,product_unacceptable,digital_goods,80,2448,0,1,1,1,0,1,1,1
TXN101643,93.63,fraud,apparel,95,241,0,3,0,1,0,1,0,0
TXN101644,281.61,fraud,digital_goods,67,332,0,4,1,0,1,1,1,0
TXN101645,22.92,product_unacceptable,travel,69,2172,2,1,0,1,1,1,1,0
TXN101646,156.16,product_not_received,digital_goods,20,271,0,1,1,0,0,1,1,1
TXN101647,123.05,subscription_cancelled,subscription,114,1859,0,2,1,0,0,1,1,1
TXN101648,437.61,credit_not_processed,general,114,1993,0,4,1,1,0,1,1,1
TXN101649,62.58,subscription_cancelled,digital_goods,85,782,1,1,1,0,1,0,1,0
TXN101650,68.8,product_not_received,apparel,108,729,0,1,1,1,0,1,1,1
TXN101651,477.26,product_not_received,digital_goods,73,1303,0,2,1,1,0,1,1,1
TXN101652,124.16,product_not_received,general,79,1266,3,1,1,1,0,1,1,0
TXN101653,331.48,fraud,apparel,99,2150,0,2,0,0,0,1,1,1
TXN101654,109.21,credit_not_processed,general,5,1480,0,5,1,1,1,1,1,1
TXN101655,90.55,product_not_received,digital_goods,27,2420,1,0,1,0,0,1,1,1
TXN101656,342.49,product_not_received,general,25,599,1,0,1,0,0,1,0,1
TXN101657,553.41,subscription_cancelled,subscription,76,702,0,1,1,1,0,1,1,1
TXN101658,360.07,product_not_received,subscription,29,602,0,2,1,1,0,0,1,1
TXN101659,103.76,fraud,general,47,1626,0,1,1,0,0,1,0,0
TXN101660,151.14,fraud,apparel,59,83,2,1,1,1,1,1,1,0
TXN101661,71.48,duplicate_charge,travel,89,2150,0,0,1,1,0,1,1,1
TXN101662,82.09,subscription_cancelled,electronics,62,1929,1,0,1,0,0,0,1,1
TXN101663,78.67,fraud,apparel,3,2470,1,1,1,0,0,1,1,0
TXN101664,111.29,credit_not_processed,electronics,82,2396,0,3,1,1,0,0,1,1
TXN101665,169.47,subscription_cancelled,subscription,51,176,0,1,1,0,0,1,1,1
TXN101666,155.75,subscription_cancelled,travel,14,1869,0,3,1,0,0,0,1,1
TXN101667,254.6,product_not_received,subscription,78,1259,0,2,0,0,0,0,1,1
TXN101668,175.97,fraud,apparel,33,1838,1,3,1,1,0,1,0,0
TXN101669,238.2,credit_not_processed,apparel,55,2184,0,1,1,1,0,1,1,1
TXN101670,264.57,product_not_received,subscription,116,1457,0,2,1,1,0,1,1,1
TXN101671,105.23,duplicate_charge,subscription,29,7,1,1,0,1,0,1,1,1
TXN101672,137.25,subscription_cancelled,general,106,2161,0,0,1,1,0,1,1,1
TXN101673,931.65,fraud,electronics,56,1093,1,0,0,1,0,0,1,1
TXN101674,98.44,subscription_cancelled,digital_goods,111,1146,0,2,1,0,0,1,1,1
TXN101675,247.62,credit_not_processed,electronics,102,1460,0,1,1,0,0,0,1,1
TXN101676,51.02,subscription_cancelled,subscription,100,2279,0,2,1,0,0,1,1,1
TXN101677,269.78,product_unacceptable,electronics,25,1316,4,0,1,0,0,1,1,0
TXN101678,85.86,credit_not_processed,subscription,95,519,0,2,1,0,1,1,1,0
TXN101679,159.9,product_unacceptable,electronics,44,1831,1,2,1,0,0,1,1,0
TXN101680,43.51,subscription_cancelled,electronics,109,1582,1,0,1,0,0,1,1,1
TXN101681,148.26,subscription_cancelled,general,118,163,0,3,0,0,1,1,1,0
TXN101682,150.54,subscription_cancelled,digital_goods,73,1331,0,0,0,0,0,1,1,1
TXN101683,133.38,product_not_received,digital_goods,109,1963,1,1,0,0,0,1,1,0
TXN101684,211.09,fraud,travel,64,2210,0,1,1,1,0,1,0,1
TXN101685,323.25,product_not_received,apparel,5,707,0,1,1,1,0,1,1,1
TXN101686,68.52,product_unacceptable,subscription,105,1306,0,2,1,1,1,1,1,1
TXN101687,135.88,product_unacceptable,digital_goods,64,2060,1,0,1,0,0,1,1,1
TXN101688,28.75,duplicate_charge,apparel,6,1459,1,2,1,1,0,1,0,1
TXN101689,174.33,product_not_received,digital_goods,8,1048,0,2,1,1,0,1,1,1
TXN101690,64.03,subscription_cancelled,electronics,87,460,1,2,1,0,1,0,1,1
TXN101691,154.66,credit_not_processed,apparel,110,107,0,1,0,0,0,1,1,1
TXN101692,179.44,product_not_received,travel,83,1725,0,0,1,0,0,1,1,1
TXN101693,33.93,subscription_cancelled,electronics,53,2409,1,4,0,0,0,1,0,1
TXN101694,199.39,duplicate_charge,electronics,37,1502,0,2,0,0,0,1,1,1
TXN101695,312.87,product_unacceptable,travel,50,1951,1,3,0,0,0,1,0,1
TXN101696,232.17,fraud,digital_goods,39,1692,0,1,0,0,0,0,1,1
TXN101697,69.94,subscription_cancelled,electronics,33,869,0,1,1,0,0,0,1,1
TXN101698,147.46,credit_not_processed,subscription,16,1307,0,1,1,0,0,1,1,1
TXN101699,159.93,subscription_cancelled,subscription,68,675,1,4,1,1,0,1,1,1
TXN101700,137.84,credit_not_processed,electronics,26,558,2,0,1,0,0,1,1,1
TXN101701,48.73,credit_not_processed,apparel,18,1472,0,1,1,1,0,1,0,1
TXN101702,79.73,product_not_received,digital_goods,33,1615,0,2,0,0,0,1,0,1
TXN101703,128.74,duplicate_charge,subscription,96,2468,1,1,1,1,0,1,1,1
TXN101704,177.62,product_unacceptable,electronics,69,590,0,2,0,1,0,0,1,0
TXN101705,97.93,credit_not_processed,subscription,59,725,1,2,1,1,1,0,1,1
TXN101706,25.62,fraud,apparel,71,415,1,2,1,1,0,1,0,1
TXN101707,102.83,product_not_received,electronics,68,2370,0,1,1,1,1,1,1,1
TXN101708,446.5,credit_not_processed,general,60,1953,1,2,1,1,0,1,1,1
TXN101709,200.36,product_not_received,electronics,101,825,0,2,0,0,0,1,1,1
TXN101710,173.96,subscription_cancelled,electronics,87,2422,0,4,1,0,0,1,1,1
TXN101711,78.71,product_not_received,general,23,1760,2,0,0,1,0,1,1,1
TXN101712,106.65,credit_not_processed,travel,98,1190,0,1,1,0,0,1,1,1
TXN101713,23.77,credit_not_processed,digital_goods,21,954,0,2,0,0,0,1,1,1
TXN101714,74.29,product_not_received,subscription,10,1423,0,0,1,1,1,1,1,1
TXN101715,193.25,subscription_cancelled,travel,51,212,0,1,1,1,0,1,1,1
TXN101716,174.9,product_not_received,travel,47,430,0,1,1,0,0,1,0,1
TXN101717,90.59,duplicate_charge,electronics,94,2340,0,0,1,0,0,0,1,0
TXN101718,137.75,duplicate_charge,travel,83,516,0,0,1,0,0,1,1,1
TXN101719,155.83,subscription_cancelled,apparel,7,409,0,3,0,0,0,1,1,1
TXN101720,94.6,fraud,subscription,60,2149,1,1,1,1,0,1,1,1
TXN101721,208.6,product_not_received,travel,95,2361,1,0,0,0,0,1,1,1
TXN101722,172.59,duplicate_charge,electronics,88,2044,2,1,1,0,0,1,1,1
TXN101723,109.76,product_unacceptable,general,60,258,0,1,1,1,0,1,1,1
TXN101724,51.77,product_unacceptable,apparel,74,2097,1,1,1,0,1,1,1,0
TXN101725,103.59,fraud,apparel,67,667,1,0,0,1,1,1,1,0
TXN101726,98.15,product_not_received,general,28,27,0,1,0,0,0,1,1,1
TXN101727,90.43,credit_not_processed,subscription,68,2302,1,2,1,0,1,0,1,0
TXN101728,35.32,fraud,general,81,669,0,3,0,1,1,1,1,0
TXN101729,370.03,product_not_received,travel,7,1646,0,4,1,0,0,1,0,1
TXN101730,358.07,credit_not_processed,general,83,184,1,1,1,1,0,0,1,0
TXN101731,134.04,fraud,electronics,30,473,0,1,1,0,1,1,1,0
TXN101732,177.01,subscription_cancelled,travel,1,2201,1,3,1,1,0,0,1,1
TXN101733,206.06,product_not_received,apparel,90,1480,0,0,0,0,0,1,1,0
TXN101734,135.66,credit_not_processed,digital_goods,47,2496,1,0,1,1,0,0,1,1
TXN101735,186.12,subscription_cancelled,apparel,50,450,0,2,0,1,0,1,0,1
TXN101736,226.88,credit_not_processed,apparel,75,2226,0,1,0,0,0,1,1,0
TXN101737,167.99,fraud,digital_goods,67,2186,0,3,1,0,0,1,1,1
TXN101738,254.95,product_unacceptable,general,74,2310,1,0,0,1,0,1,1,1
TXN101739,87.97,subscription_cancelled,travel,113,124,0,1,1,1,0,1,1,1
TXN101740,147.35,product_not_received,digital_goods,78,261,0,3,1,0,0,1,1,1
TXN101741,731.15,product_not_received,digital_goods,6,1324,0,0,1,1,1,1,1,1
TXN101742,296.21,fraud,travel,27,289,1,2,0,1,0,1,1,1
TXN101743,170.77,credit_not_processed,apparel,54,158,1,1,1,1,0,1,1,1
TXN101744,68.67,duplicate_charge,travel,57,2028,2,1,1,0,0,0,1,1
TXN101745,152.97,duplicate_charge,subscription,43,1737,0,2,0,0,1,1,1,1
TXN101746,282.95,subscription_cancelled,apparel,22,2110,1,2,1,1,0,1,1,1
TXN101747,244.54,product_unacceptable,travel,13,2339,0,0,1,1,0,1,1,1
TXN101748,27.77,product_unacceptable,subscription,18,356,2,2,1,0,0,1,1,1
TXN101749,36.6,product_unacceptable,travel,114,2077,1,4,1,0,0,1,1,1
TXN101750,38.22,duplicate_charge,apparel,48,109,1,0,0,1,0,1,1,1
TXN101751,208.37,fraud,travel,115,929,1,4,1,0,0,1,1,1
TXN101752,38.71,credit_not_processed,subscription,40,743,0,1,1,0,0,1,0,1
TXN101753,66.12,subscription_cancelled,apparel,38,592,1,3,1,0,0,1,1,1
TXN101754,131.98,product_not_received,travel,59,1796,0,1,0,0,0,1,1,1
TXN101755,315.12,product_unacceptable,subscription,113,302,0,1,1,0,0,1,1,1
TXN101756,215.39,fraud,apparel,68,2022,0,1,0,0,0,1,1,0
TXN101757,120.24,credit_not_processed,digital_goods,5,2184,0,1,0,1,0,0,1,1
TXN101758,259.93,credit_not_processed,general,33,1664,1,1,1,1,0,0,1,0
TXN101759,532.89,credit_not_processed,digital_goods,117,202,1,1,1,0,0,1,1,0
TXN101760,153.99,product_not_received,travel,19,1491,2,1,1,0,0,1,0,0
TXN101761,49.08,fraud,electronics,100,1572,0,0,0,1,0,1,1,1
TXN101762,68.13,fraud,general,111,932,1,2,1,0,0,0,1,1
TXN101763,67.58,fraud,travel,26,918,0,1,1,1,0,1,1,1
TXN101764,81.18,fraud,subscription,67,1172,0,0,1,1,0,1,1,1
TXN101765,113.82,fraud,travel,72,2489,0,4,1,1,1,0,1,0
TXN101766,181.38,credit_not_processed,digital_goods,95,9,3,0,1,1,0,1,1,1
TXN101767,42.51,fraud,digital_goods,95,1272,1,2,1,1,0,0,1,1
TXN101768,50.1,fraud,subscription,8,792,1,2,1,1,1,0,1,1
TXN101769,225.48,subscription_cancelled,general,38,1371,0,1,0,0,0,1,1,1
TXN101770,98.52,duplicate_charge,electronics,112,9,1,1,1,1,1,1,0,1
TXN101771,73.82,subscription_cancelled,general,43,2294,0,4,1,0,0,1,1,1
TXN101772,124.01,duplicate_charge,subscription,30,1142,0,1,1,0,0,1,1,1
TXN101773,352.23,credit_not_processed,electronics,75,2424,0,2,1,0,0,1,1,1
TXN101774,247.31,duplicate_charge,electronics,24,385,3,3,0,1,0,0,1,1
TXN101775,235.73,product_unacceptable,subscription,18,1459,1,2,0,1,1,1,1,0
TXN101776,435.34,duplicate_charge,general,95,1699,0,3,1,1,0,1,1,1
TXN101777,187.6,product_unacceptable,digital_goods,15,1990,1,1,1,0,0,1,1,1
TXN101778,461.66,product_not_received,travel,107,22,0,2,1,1,0,1,1,1
TXN101779,486.01,product_unacceptable,general,30,1586,0,5,1,1,0,0,1,1
TXN101780,43.76,fraud,apparel,13,369,1,0,1,0,0,1,1,0
TXN101781,33.33,subscription_cancelled,apparel,89,1068,0,2,1,0,0,1,1,1
TXN101782,63.81,product_not_received,general,22,133,1,1,0,0,0,1,0,0
TXN101783,329.14,fraud,apparel,44,143,0,3,1,0,1,0,1,1
TXN101784,125.96,product_not_received,digital_goods,42,1915,0,0,1,1,0,0,1,1
TXN101785,114.25,subscription_cancelled,digital_goods,61,1794,0,2,1,0,0,1,1,1
TXN101786,264.76,product_not_received,travel,57,2238,0,3,1,0,0,1,1,1
TXN101787,94.56,duplicate_charge,apparel,24,1750,1,1,0,1,0,1,1,1
TXN101788,170.62,subscription_cancelled,subscription,28,1489,0,2,0,0,0,1,0,1
TXN101789,225.4,fraud,subscription,24,291,2,2,1,1,0,1,1,1
TXN101790,68.93,subscription_cancelled,apparel,7,1912,0,3,1,0,1,1,1,1
TXN101791,56.07,product_not_received,digital_goods,78,575,0,2,0,0,0,1,0,1
TXN101792,153.35,fraud,electronics,57,266,0,1,1,1,0,0,1,0
TXN101793,168.09,duplicate_charge,apparel,13,1830,0,1,0,0,0,1,1,1
TXN101794,250.84,credit_not_processed,general,40,1470,1,1,1,0,1,1,1,0
TXN101795,62.43,product_not_received,travel,80,374,0,1,1,1,0,0,1,1
TXN101796,83.26,product_unacceptable,travel,34,1373,0,1,1,0,0,1,1,1
TXN101797,482.84,product_not_received,general,48,1727,0,1,1,1,0,1,1,1
TXN101798,291.69,product_unacceptable,subscription,89,1247,0,2,0,1,0,1,1,1
TXN101799,135.08,duplicate_charge,subscription,80,1794,1,1,0,0,0,1,0,0
TXN101800,323.8,duplicate_charge,subscription,84,1261,0,0,0,1,0,1,0,1
TXN101801,62.64,duplicate_charge,digital_goods,46,883,1,1,0,1,1,1,1,1
TXN101802,123.49,fraud,travel,58,558,0,1,1,1,0,1,1,1
TXN101803,167.05,duplicate_charge,apparel,101,645,0,2,1,0,0,1,1,1
TXN101804,112.9,duplicate_charge,general,104,2022,0,1,0,1,1,1,1,0
TXN101805,116.03,duplicate_charge,apparel,7,932,0,1,1,0,0,0,1,1
TXN101806,242.19,fraud,general,100,1790,0,1,0,1,0,1,1,1
TXN101807,294.48,product_unacceptable,general,107,897,1,1,1,1,0,0,1,0
TXN101808,103.71,product_not_received,electronics,113,1313,0,2,1,1,1,1,1,1
TXN101809,46.01,fraud,subscription,32,1517,0,2,1,0,0,1,1,1
TXN101810,37.69,product_not_received,general,60,1194,0,1,0,0,0,1,1,1
TXN101811,21.46,product_unacceptable,travel,6,1859,0,2,1,1,0,1,0,1
TXN101812,430.52,subscription_cancelled,digital_goods,14,2310,0,2,1,1,1,1,1,1
TXN101813,242.89,product_not_received,general,67,2154,0,0,1,0,0,1,1,0
TXN101814,207.02,subscription_cancelled,travel,25,2303,1,1,0,0,0,0,1,0
TXN101815,93.26,product_unacceptable,electronics,27,74,0,1,1,1,1,1,1,1
TXN101816,92.83,subscription_cancelled,apparel,36,1898,0,1,1,1,0,1,1,1
TXN101817,301.07,product_unacceptable,subscription,55,1816,0,1,1,0,0,1,0,1
TXN101818,33.48,product_unacceptable,digital_goods,19,1031,0,3,1,1,0,0,1,1
TXN101819,107.29,duplicate_charge,apparel,96,785,0,1,1,0,0,0,1,1
TXN101820,330.87,credit_not_processed,subscription,80,132,2,2,1,0,0,1,1,0
TXN101821,107.14,product_unacceptable,electronics,95,2096,0,1,0,1,0,1,1,1
TXN101822,234.3,product_unacceptable,apparel,111,2100,0,2,1,0,0,1,0,0
TXN101823,139.21,duplicate_charge,digital_goods,72,189,0,4,0,0,0,0,1,1
TXN101824,10.06,subscription_cancelled,electronics,44,1455,1,2,1,0,0,1,0,1
TXN101825,134.79,fraud,digital_goods,117,1377,0,1,0,0,0,1,1,0
TXN101826,155.64,product_unacceptable,general,68,431,0,1,0,0,0,0,1,0
TXN101827,126.97,product_unacceptable,general,56,1371,0,1,1,1,1,1,1,0
TXN101828,53.71,credit_not_processed,general,50,2029,0,0,1,0,0,1,1,1
TXN101829,128.06,product_unacceptable,apparel,5,816,0,2,0,1,0,1,1,1
TXN101830,22.88,product_unacceptable,electronics,114,1814,1,3,0,0,0,1,1,1
TXN101831,106.26,credit_not_processed,subscription,98,2425,0,2,0,1,1,0,1,0
TXN101832,247.53,product_unacceptable,digital_goods,84,1136,0,0,0,1,0,1,1,0
TXN101833,414.83,fraud,subscription,27,267,1,0,0,1,0,1,0,1
TXN101834,369.74,fraud,electronics,111,743,0,5,1,0,0,1,1,1
TXN101835,61.2,fraud,subscription,21,340,0,2,1,0,0,1,1,1
TXN101836,39.3,fraud,travel,29,881,0,0,0,0,0,1,1,1
TXN101837,167.08,product_not_received,general,9,1610,0,2,0,0,1,1,1,1
TXN101838,148.2,subscription_cancelled,electronics,35,506,0,1,0,0,0,1,1,1
TXN101839,222.29,subscription_cancelled,digital_goods,40,1285,0,3,1,1,0,1,1,1
TXN101840,87.0,fraud,general,95,2495,0,2,0,0,0,1,1,1
TXN101841,151.62,product_unacceptable,digital_goods,39,661,0,1,1,1,0,1,1,1
TXN101842,145.59,fraud,travel,114,2199,1,2,0,1,0,1,1,1
TXN101843,109.19,credit_not_processed,electronics,37,760,0,2,1,0,0,1,1,1
TXN101844,31.22,fraud,subscription,63,1535,2,2,1,1,0,0,1,1
TXN101845,245.0,duplicate_charge,apparel,71,392,1,3,0,0,0,1,1,1
TXN101846,167.93,product_not_received,travel,99,670,1,2,1,1,0,1,1,1
TXN101847,257.01,duplicate_charge,general,90,2169,1,0,1,1,0,1,1,1
TXN101848,300.89,product_not_received,travel,104,1474,0,2,0,1,0,0,1,1
TXN101849,136.13,subscription_cancelled,digital_goods,112,1423,1,1,1,0,1,1,1,0
TXN101850,246.09,product_not_received,apparel,14,1276,0,3,1,1,0,0,1,1
TXN101851,421.36,credit_not_processed,digital_goods,12,612,0,2,0,1,0,1,1,1
TXN101852,513.6,product_unacceptable,general,54,2322,0,2,1,0,0,1,1,1
TXN101853,183.19,subscription_cancelled,apparel,18,983,0,1,1,0,1,1,1,1
TXN101854,193.72,subscription_cancelled,travel,59,28,0,0,0,1,0,1,1,1
TXN101855,180.94,credit_not_processed,digital_goods,71,2266,0,2,1,0,0,0,1,1
TXN101856,216.76,product_not_received,apparel,33,116,0,1,1,0,0,1,1,1
TXN101857,291.98,product_not_received,subscription,12,2217,1,2,1,1,0,1,1,1
TXN101858,178.18,product_not_received,digital_goods,115,665,0,1,1,1,1,1,1,1
TXN101859,494.08,product_not_received,apparel,45,172,0,2,1,0,0,1,1,1
TXN101860,448.28,duplicate_charge,travel,100,551,0,2,1,0,0,1,1,1
TXN101861,155.33,credit_not_processed,subscription,75,1635,2,0,1,0,0,1,0,1
TXN101862,154.63,credit_not_processed,general,79,1364,1,1,0,0,0,1,1,0
TXN101863,102.75,product_unacceptable,travel,93,382,0,2,0,0,0,1,1,0
TXN101864,225.15,duplicate_charge,travel,32,750,0,0,1,1,0,1,1,1
TXN101865,116.91,subscription_cancelled,subscription,26,527,1,1,1,1,1,1,0,1
TXN101866,98.93,credit_not_processed,apparel,119,1633,0,2,1,1,0,1,1,1
TXN101867,221.67,fraud,apparel,80,2160,1,1,1,1,0,1,1,1
TXN101868,58.26,product_unacceptable,digital_goods,35,637,2,1,1,1,0,1,0,0
TXN101869,295.48,subscription_cancelled,travel,77,2237,0,4,1,0,0,1,1,1
TXN101870,228.03,product_not_received,travel,47,1020,0,0,1,0,0,0,1,1
TXN101871,432.76,product_not_received,electronics,103,206,1,0,1,0,0,1,1,1
TXN101872,185.61,credit_not_processed,subscription,61,806,0,1,1,1,0,0,1,1
TXN101873,253.35,credit_not_processed,digital_goods,38,2184,3,2,1,1,0,1,1,1
TXN101874,276.76,credit_not_processed,general,83,2021,0,1,1,0,0,1,0,0
TXN101875,350.08,subscription_cancelled,subscription,90,1821,1,1,0,0,0,1,1,1
TXN101876,170.83,product_not_received,general,45,996,0,0,1,0,0,1,1,0
TXN101877,102.11,product_not_received,travel,90,1939,0,2,1,0,0,1,0,1
TXN101878,188.76,product_unacceptable,travel,28,1775,1,0,1,1,0,1,0,0
TXN101879,295.25,product_unacceptable,apparel,29,1979,0,1,1,0,0,1,1,1
TXN101880,322.43,product_unacceptable,digital_goods,99,1394,0,5,0,0,1,1,1,0
TXN101881,31.51,duplicate_charge,general,74,1268,0,1,0,1,0,1,1,1
TXN101882,806.8,product_not_received,digital_goods,5,2416,1,2,0,0,1,1,1,0
TXN101883,99.36,subscription_cancelled,electronics,81,2367,0,1,0,0,0,1,1,0
TXN101884,256.41,product_not_received,apparel,37,1340,0,1,1,1,1,0,1,1
TXN101885,377.05,product_not_received,travel,33,500,0,1,0,0,0,1,1,1
TXN101886,144.71,fraud,travel,51,1022,0,4,0,1,0,1,1,1
TXN101887,331.15,fraud,general,54,1262,1,1,1,0,0,1,1,1
TXN101888,31.24,subscription_cancelled,general,107,1692,0,2,1,0,1,1,1,0
TXN101889,339.48,product_unacceptable,travel,52,796,0,0,1,0,1,0,1,0
TXN101890,311.63,product_not_received,travel,36,113,2,1,0,1,0,1,1,1
TXN101891,206.18,subscription_cancelled,subscription,93,2056,0,2,1,0,0,0,1,1
TXN101892,295.9,product_unacceptable,electronics,65,2372,0,2,0,1,1,1,1,1
TXN101893,456.46,fraud,travel,1,206,2,0,1,0,0,0,1,0
TXN101894,385.09,product_not_received,digital_goods,76,796,1,0,1,1,0,0,1,0
TXN101895,151.26,fraud,subscription,60,1084,0,3,1,1,0,1,1,1
TXN101896,187.45,duplicate_charge,subscription,69,1901,0,0,1,0,0,1,1,1
TXN101897,132.22,product_not_received,travel,22,1933,1,0,0,1,0,1,1,1
TXN101898,119.34,fraud,travel,57,858,0,0,1,1,0,1,1,0
TXN101899,275.63,fraud,subscription,77,780,0,2,1,1,0,1,1,0
TXN101900,131.11,duplicate_charge,travel,81,1012,0,1,1,1,1,1,1,0
TXN101901,275.19,fraud,apparel,81,601,1,2,1,0,0,0,1,0
TXN101902,144.58,subscription_cancelled,apparel,119,1091,1,1,1,1,0,0,1,1
TXN101903,161.13,fraud,subscription,60,656,0,0,1,0,0,1,1,1
TXN101904,78.34,duplicate_charge,travel,52,150,2,3,1,0,0,1,1,1
TXN101905,270.22,product_unacceptable,apparel,65,1783,0,1,1,0,0,1,1,0
TXN101906,29.41,product_unacceptable,general,40,1967,0,2,1,0,0,0,1,1
TXN101907,348.22,fraud,general,38,716,1,0,0,0,0,0,1,0
TXN101908,623.04,subscription_cancelled,travel,83,1002,1,2,1,0,0,0,1,1
TXN101909,165.34,credit_not_processed,apparel,38,1006,0,1,1,1,0,1,1,1
TXN101910,159.89,fraud,general,90,55,0,2,1,0,0,1,1,1
TXN101911,39.96,fraud,apparel,89,1364,1,0,0,0,0,0,1,0
TXN101912,104.49,credit_not_processed,digital_goods,114,1146,1,1,1,1,0,1,1,1
TXN101913,298.11,product_unacceptable,general,16,2351,2,2,0,1,0,1,1,1
TXN101914,327.64,fraud,travel,44,929,1,2,1,1,1,0,1,1
TXN101915,181.25,fraud,apparel,92,1985,0,0,1,0,0,1,1,1
TXN101916,286.05,duplicate_charge,electronics,52,976,1,1,0,1,1,1,1,1
TXN101917,79.69,subscription_cancelled,digital_goods,78,463,0,0,1,0,0,1,1,0
TXN101918,212.87,duplicate_charge,subscription,88,871,0,0,0,0,0,1,1,1
TXN101919,409.78,credit_not_processed,subscription,106,2207,1,1,1,1,0,1,1,1
TXN101920,243.07,product_unacceptable,apparel,27,640,1,3,1,0,1,1,1,1
TXN101921,451.76,product_not_received,electronics,31,2111,0,2,0,0,1,1,1,0
TXN101922,461.0,product_unacceptable,subscription,57,1663,1,4,0,0,0,1,1,0
TXN101923,222.8,product_not_received,electronics,61,1863,1,2,1,0,0,1,1,1
TXN101924,6.27,product_not_received,electronics,108,1881,2,3,0,0,0,1,1,0
TXN101925,322.96,fraud,digital_goods,5,1292,1,0,0,1,0,1,1,1
TXN101926,53.23,product_not_received,travel,30,1504,0,0,1,1,0,1,1,1
TXN101927,11.17,duplicate_charge,apparel,109,174,0,0,0,1,0,1,1,1
TXN101928,25.34,fraud,apparel,74,1747,1,2,0,0,0,1,1,0
TXN101929,338.66,product_not_received,apparel,81,1778,0,3,1,1,0,1,1,1
TXN101930,224.08,duplicate_charge,digital_goods,30,259,0,1,1,1,0,1,1,1
TXN101931,184.9,duplicate_charge,electronics,75,1295,0,1,1,0,0,1,1,1
TXN101932,239.57,subscription_cancelled,electronics,45,1272,1,2,1,0,0,1,1,1
TXN101933,27.02,subscription_cancelled,digital_goods,88,774,1,2,0,0,0,1,1,0
TXN101934,131.77,duplicate_charge,electronics,11,165,0,1,1,0,0,0,0,0
TXN101935,91.48,fraud,apparel,34,24,0,1,1,0,0,0,1,0
TXN101936,174.45,product_unacceptable,travel,77,521,0,0,1,1,0,0,1,1
TXN101937,179.1,duplicate_charge,electronics,72,577,0,4,1,1,0,1,1,1
TXN101938,232.37,product_not_received,travel,101,529,0,0,1,0,0,0,1,1
TXN101939,257.79,fraud,travel,96,1514,0,1,1,0,0,0,1,0
TXN101940,28.44,product_not_received,travel,2,1052,1,2,1,0,0,1,1,1
TXN101941,133.18,product_unacceptable,travel,11,280,0,0,0,0,0,1,1,1
TXN101942,157.34,product_not_received,subscription,43,209,0,0,1,1,0,1,1,1
TXN101943,51.83,fraud,electronics,115,1638,1,1,0,0,0,1,1,1
TXN101944,46.91,subscription_cancelled,apparel,57,2336,1,1,1,1,0,1,1,1
TXN101945,40.87,credit_not_processed,apparel,107,2049,1,1,1,0,0,1,1,0
TXN101946,284.86,fraud,subscription,8,1894,0,1,1,0,0,1,1,1
TXN101947,33.53,credit_not_processed,general,115,795,0,0,1,1,0,1,1,1
TXN101948,39.44,fraud,general,8,1759,0,0,1,0,0,1,1,0
TXN101949,169.09,credit_not_processed,travel,97,204,1,0,1,0,0,0,1,1
TXN101950,212.24,credit_not_processed,digital_goods,105,428,0,2,1,1,0,1,1,1
TXN101951,153.62,fraud,digital_goods,36,349,0,4,1,0,0,1,1,1
TXN101952,61.67,subscription_cancelled,electronics,36,459,0,6,1,1,1,1,1,1
TXN101953,47.9,credit_not_processed,digital_goods,70,894,1,0,1,1,0,1,1,1
TXN101954,165.57,credit_not_processed,travel,86,109,2,2,1,0,0,1,1,1
TXN101955,140.93,credit_not_processed,apparel,15,2033,0,0,0,0,0,1,1,1
TXN101956,114.3,product_unacceptable,subscription,29,1787,0,2,1,1,0,1,1,1
TXN101957,276.14,fraud,subscription,90,1585,0,0,0,0,0,1,1,1
TXN101958,133.85,subscription_cancelled,apparel,97,438,1,0,1,0,1,1,1,0
TXN101959,44.0,duplicate_charge,general,19,2169,0,3,1,0,0,1,1,0
TXN101960,114.86,duplicate_charge,electronics,106,15,1,1,1,1,0,1,1,1
TXN101961,229.77,product_not_received,general,104,2486,1,4,0,1,1,0,1,0
TXN101962,127.57,product_unacceptable,subscription,104,1816,0,0,0,0,0,1,1,1
TXN101963,226.86,fraud,apparel,29,506,0,1,1,0,0,1,1,1
TXN101964,259.63,subscription_cancelled,travel,80,491,0,2,1,1,0,1,0,1
TXN101965,134.21,fraud,apparel,20,1737,1,1,0,0,0,1,1,0
TXN101966,153.07,subscription_cancelled,subscription,24,2020,2,2,0,0,0,1,1,1
TXN101967,121.25,subscription_cancelled,electronics,9,1166,1,1,1,0,0,1,1,0
TXN101968,230.47,product_unacceptable,apparel,59,150,0,4,1,0,0,1,1,1
TXN101969,118.26,product_unacceptable,apparel,85,1233,1,0,1,0,0,0,1,0
TXN101970,214.52,product_not_received,apparel,24,1198,1,0,1,0,0,1,1,1
TXN101971,181.31,credit_not_processed,apparel,23,813,0,3,1,0,0,1,1,1
TXN101972,25.17,subscription_cancelled,travel,33,2257,0,0,1,1,0,0,1,1
TXN101973,223.08,product_not_received,travel,24,856,0,2,0,0,1,1,0,0
TXN101974,169.05,fraud,travel,100,608,0,2,1,1,1,1,1,1
TXN101975,357.69,fraud,apparel,21,1690,1,2,1,1,0,1,1,0
TXN101976,54.13,product_unacceptable,apparel,34,1545,1,1,0,0,0,0,1,0
TXN101977,183.5,credit_not_processed,general,37,1552,0,1,1,1,0,0,1,1
TXN101978,105.15,subscription_cancelled,apparel,25,1260,0,2,0,0,0,1,1,1
TXN101979,28.24,fraud,electronics,113,796,0,1,1,0,1,1,1,0
TXN101980,20.28,subscription_cancelled,digital_goods,25,644,0,0,1,0,0,1,1,1
TXN101981,407.31,product_not_received,electronics,58,296,0,2,1,0,0,1,1,1
TXN101982,183.94,subscription_cancelled,digital_goods,68,464,0,0,0,0,0,1,1,0
TXN101983,130.69,product_not_received,general,32,1445,0,1,1,1,0,1,1,1
TXN101984,36.83,duplicate_charge,apparel,57,1015,0,3,1,1,0,1,1,1
TXN101985,391.12,credit_not_processed,subscription,21,1848,0,2,1,0,0,1,1,1
TXN101986,83.72,product_not_received,digital_goods,58,2010,0,1,1,0,1,1,1,1
TXN101987,190.36,duplicate_charge,digital_goods,3,1396,0,0,1,0,1,1,1,1
TXN101988,164.12,credit_not_processed,travel,53,261,1,0,1,0,0,1,1,1
TXN101989,517.8,fraud,travel,44,9,0,0,1,0,0,1,1,1
TXN101990,150.25,fraud,apparel,42,571,0,1,0,0,0,1,1,1
TXN101991,99.81,duplicate_charge,apparel,14,705,0,0,0,0,0,1,1,1
TXN101992,186.0,product_not_received,general,119,184,2,0,1,0,0,1,1,1
TXN101993,200.98,fraud,apparel,4,1946,0,0,1,1,1,0,1,0
TXN101994,761.03,product_unacceptable,general,18,917,0,2,0,0,1,1,1,0
TXN101995,148.32,subscription_cancelled,digital_goods,13,1856,0,0,1,0,0,0,1,0
TXN101996,52.45,product_not_received,general,117,522,1,1,1,1,0,1,0,1
TXN101997,114.33,product_not_received,digital_goods,38,26,0,0,1,1,0,1,1,1
TXN101998,185.69,subscription_cancelled,travel,52,342,0,1,1,0,0,1,1,1
TXN101999,211.12,product_unacceptable,travel,90,1175,1,2,0,0,0,0,1,0
TXN102000,33.52,subscription_cancelled,digital_goods,7,1199,0,0,0,1,0,1,0,0
TXN102001,103.56,product_unacceptable,apparel,8,1093,1,0,1,1,0,1,1,1
TXN102002,497.78,credit_not_processed,travel,22,2398,1,4,1,0,0,1,1,0
TXN102003,70.14,duplicate_charge,travel,81,1630,2,0,0,1,0,1,0,0
TXN102004,280.66,fraud,apparel,117,1829,1,1,1,0,0,1,1,1
TXN102005,117.48,credit_not_processed,subscription,74,312,0,2,0,0,0,1,1,1
TXN102006,155.06,product_unacceptable,travel,104,1163,0,0,1,1,0,1,1,1
TXN102007,37.88,fraud,electronics,105,1553,0,2,0,0,0,1,1,0
TXN102008,126.73,fraud,general,33,1461,0,0,1,0,0,1,1,1
TXN102009,184.01,duplicate_charge,electronics,22,2367,0,3,1,1,1,1,1,1
TXN102010,149.75,fraud,travel,20,1189,2,1,1,0,1,1,1,0
TXN102011,133.06,product_not_received,digital_goods,95,929,0,1,1,1,0,1,1,1
TXN102012,231.29,fraud,travel,80,2360,0,0,1,1,0,1,1,1
TXN102013,47.75,product_unacceptable,subscription,103,843,0,2,0,1,0,0,0,0
TXN102014,190.39,product_not_received,subscription,61,1425,2,1,0,1,0,1,1,1
TXN102015,18.61,product_unacceptable,travel,117,70,0,3,1,1,0,1,1,1
TXN102016,335.99,product_not_received,general,107,413,0,1,1,0,0,1,1,1
TXN102017,136.58,fraud,subscription,97,143,0,2,0,1,1,1,1,0
TXN102018,267.71,duplicate_charge,subscription,96,1044,0,3,0,0,0,1,1,1
TXN102019,8.44,product_not_received,digital_goods,15,2328,0,1,1,1,0,1,1,1
TXN102020,241.76,duplicate_charge,apparel,89,178,0,1,0,0,1,1,1,0
TXN102021,81.23,fraud,apparel,113,2438,0,1,1,1,0,1,1,1
TXN102022,155.84,fraud,travel,35,2172,1,2,1,0,0,0,1,1
TXN102023,244.49,product_not_received,travel,97,14,0,2,1,0,0,1,0,0
TXN102024,145.08,product_unacceptable,electronics,42,38,0,1,1,1,0,1,1,1
TXN102025,224.3,product_not_received,apparel,26,2251,1,0,1,0,0,1,1,1
TXN102026,118.86,subscription_cancelled,general,87,1463,1,2,1,0,0,1,1,1
TXN102027,354.15,product_not_received,subscription,20,434,1,2,1,1,0,1,1,1
TXN102028,136.29,product_unacceptable,subscription,58,2384,1,1,1,0,0,1,1,1
TXN102029,138.43,duplicate_charge,apparel,112,1403,1,5,1,0,0,1,1,1
TXN102030,140.43,fraud,electronics,19,1588,0,0,1,0,0,1,1,1
TXN102031,152.6,product_unacceptable,apparel,19,1695,1,5,0,1,0,1,1,1
TXN102032,49.98,product_not_received,general,113,504,0,1,0,0,0,1,1,0
TXN102033,68.19,product_not_received,travel,93,897,0,3,0,0,0,1,1,1
TXN102034,295.48,fraud,subscription,55,321,1,2,0,1,0,1,1,0
TXN102035,267.6,subscription_cancelled,digital_goods,49,1322,0,1,1,1,0,1,1,1
TXN102036,255.83,credit_not_processed,digital_goods,115,2468,2,3,0,1,0,1,1,1
TXN102037,210.0,fraud,travel,87,1568,0,2,1,0,0,1,1,0
TXN102038,101.59,duplicate_charge,general,109,1729,0,1,1,1,0,1,1,1
TXN102039,93.3,subscription_cancelled,digital_goods,11,484,0,1,0,1,0,1,0,1
TXN102040,147.78,product_not_received,travel,64,1354,0,2,1,1,0,1,1,1
TXN102041,327.31,subscription_cancelled,general,87,2485,0,2,1,1,0,1,1,1
TXN102042,176.43,duplicate_charge,digital_goods,5,220,1,0,0,1,1,1,1,0
TXN102043,65.25,credit_not_processed,general,61,509,0,3,0,1,0,1,1,1
TXN102044,40.73,credit_not_processed,travel,7,1799,0,1,0,1,0,1,1,1
TXN102045,273.44,fraud,general,108,25,0,4,1,1,0,1,1,1
TXN102046,398.24,product_unacceptable,digital_goods,82,516,1,1,1,0,0,1,1,1
TXN102047,31.86,product_unacceptable,travel,23,2360,1,0,1,1,0,1,1,1
TXN102048,279.76,fraud,apparel,63,47,0,4,1,0,0,1,1,1
TXN102049,206.5,product_not_received,travel,14,1072,1,0,1,0,0,1,1,1
TXN102050,78.92,credit_not_processed,apparel,96,824,0,0,1,0,0,1,1,1
TXN102051,178.14,fraud,travel,24,996,1,1,0,0,0,1,1,0
TXN102052,56.22,product_unacceptable,subscription,73,645,0,0,1,0,0,1,1,0
TXN102053,128.37,subscription_cancelled,digital_goods,10,689,0,0,1,0,0,1,1,1
TXN102054,153.99,product_not_received,digital_goods,19,1901,0,1,1,1,0,1,1,1
TXN102055,351.86,product_unacceptable,apparel,117,64,1,1,1,1,0,1,1,1
TXN102056,123.56,credit_not_processed,subscription,46,323,1,3,0,0,1,1,1,0
TXN102057,86.42,product_unacceptable,travel,15,661,0,1,1,0,0,1,1,1
TXN102058,195.42,fraud,travel,84,2066,0,2,1,0,0,0,1,0
TXN102059,228.56,fraud,electronics,24,983,0,1,1,1,1,1,0,0
TXN102060,83.81,credit_not_processed,electronics,71,87,0,3,1,0,0,1,1,1
TXN102061,63.05,product_not_received,electronics,97,1300,2,1,1,0,0,1,1,1
TXN102062,67.88,product_unacceptable,general,82,1568,0,2,1,0,0,1,1,1
TXN102063,352.69,fraud,general,30,1144,0,3,0,0,0,1,1,1
TXN102064,221.56,product_not_received,electronics,29,221,0,0,0,1,1,1,1,0
TXN102065,117.29,credit_not_processed,electronics,27,2197,0,0,0,1,0,1,1,1
TXN102066,313.66,product_unacceptable,subscription,76,2145,0,1,0,0,1,1,1,0
TXN102067,83.27,credit_not_processed,travel,81,2278,0,0,1,0,0,1,1,1
TXN102068,143.42,product_not_received,apparel,62,2409,0,2,0,1,0,1,1,1
TXN102069,55.38,product_unacceptable,travel,48,792,0,1,1,1,0,1,0,1
TXN102070,304.45,subscription_cancelled,apparel,8,1054,0,4,1,1,0,1,1,1
TXN102071,77.74,product_unacceptable,apparel,100,2398,0,1,1,1,0,1,1,1
TXN102072,79.23,product_not_received,digital_goods,79,1124,0,2,1,1,0,1,1,1
TXN102073,198.57,subscription_cancelled,general,76,2162,0,1,1,0,0,1,1,1
TXN102074,16.86,product_not_received,subscription,13,1619,0,3,1,0,0,0,1,1
TXN102075,44.93,product_unacceptable,apparel,35,2319,1,2,1,1,0,1,1,1
TXN102076,250.15,credit_not_processed,travel,37,26,0,2,0,0,0,1,1,1
TXN102077,67.01,fraud,general,72,1765,0,1,1,0,0,1,1,1
TXN102078,629.54,product_not_received,general,94,2002,0,3,0,1,0,1,1,1
TXN102079,171.39,fraud,subscription,104,495,0,2,0,0,1,1,1,0
TXN102080,29.67,product_not_received,electronics,63,1838,2,2,0,0,0,1,1,0
TXN102081,411.65,fraud,apparel,44,488,0,2,1,0,0,1,1,1
TXN102082,171.25,duplicate_charge,apparel,49,2262,1,4,0,0,0,1,1,1
TXN102083,130.94,fraud,electronics,88,2271,0,2,1,0,1,1,1,1
TXN102084,170.79,duplicate_charge,apparel,38,9,1,0,1,0,0,1,1,1
TXN102085,29.42,product_not_received,apparel,50,1267,0,1,0,0,0,1,1,0
TXN102086,147.0,product_not_received,travel,94,956,0,2,1,1,0,1,1,1
TXN102087,71.2,product_not_received,digital_goods,65,2226,0,1,1,0,0,1,1,0
TXN102088,140.21,duplicate_charge,digital_goods,56,800,1,1,1,1,1,1,1,1
TXN102089,103.8,product_unacceptable,apparel,88,1801,0,5,1,1,0,0,1,1
TXN102090,164.34,product_not_received,electronics,35,291,0,1,1,0,0,1,1,0
TXN102091,117.21,subscription_cancelled,general,8,531,0,0,0,0,0,1,1,1
TXN102092,98.51,product_unacceptable,travel,94,2463,0,1,0,1,0,1,1,0
TXN102093,64.56,fraud,apparel,55,961,0,3,1,0,1,1,1,1
TXN102094,30.78,credit_not_processed,subscription,39,1914,0,1,1,0,0,1,1,1
TXN102095,24.67,product_not_received,subscription,12,2419,0,2,0,0,1,1,1,0
TXN102096,46.4,fraud,general,111,2413,1,2,0,1,0,1,1,1
TXN102097,236.78,product_unacceptable,electronics,87,48,1,0,1,1,0,1,1,1
TXN102098,61.38,fraud,travel,33,581,0,1,1,1,1,1,1,0
TXN102099,85.64,product_not_received,general,73,1786,2,2,1,0,0,1,1,1
TXN102100,86.32,subscription_cancelled,subscription,56,2316,0,1,1,0,1,1,1,1
TXN102101,105.14,fraud,apparel,39,2446,1,1,1,0,0,0,1,0
TXN102102,208.71,subscription_cancelled,general,38,1800,0,1,1,1,0,1,1,1
TXN102103,116.3,credit_not_processed,digital_goods,10,260,0,4,1,1,0,1,1,1
TXN102104,268.49,duplicate_charge,digital_goods,116,1856,1,2,1,0,1,1,1,0
TXN102105,46.91,duplicate_charge,travel,111,679,0,3,0,0,0,1,1,1
TXN102106,249.17,duplicate_charge,subscription,104,2021,1,1,1,0,0,1,1,1
TXN102107,379.38,credit_not_processed,electronics,38,1367,1,2,0,1,0,1,1,1
TXN102108,145.57,product_not_received,travel,119,459,1,1,0,1,0,1,1,0
TXN102109,57.45,fraud,subscription,33,2109,0,2,0,0,0,1,1,1
TXN102110,211.67,product_unacceptable,travel,99,2472,0,0,1,0,0,0,1,0
TXN102111,147.54,product_unacceptable,apparel,13,1266,1,2,0,1,0,1,1,1
TXN102112,185.72,fraud,electronics,37,2031,0,2,0,0,0,1,1,0
TXN102113,273.94,duplicate_charge,travel,69,148,0,1,1,1,1,1,1,1
TXN102114,109.28,fraud,subscription,116,677,0,3,0,1,0,1,1,1
TXN102115,95.84,credit_not_processed,travel,32,317,1,2,0,1,0,0,1,0
TXN102116,711.19,product_not_received,general,52,709,0,3,1,0,1,1,1,1
TXN102117,213.63,fraud,travel,101,939,1,0,1,1,0,1,1,1
TXN102118,307.48,fraud,travel,57,1078,0,0,1,0,0,1,1,1
TXN102119,262.99,product_not_received,electronics,82,806,0,0,0,0,1,1,1,1
TXN102120,310.1,product_not_received,travel,50,1361,0,2,1,0,0,1,1,1
TXN102121,190.36,fraud,apparel,1,549,1,0,0,0,0,1,1,1
TXN102122,284.8,product_not_received,subscription,34,869,0,1,1,1,1,1,1,1
TXN102123,86.09,fraud,electronics,68,2100,1,0,1,1,0,1,1,1
TXN102124,30.01,product_not_received,general,3,1405,1,1,1,0,0,0,1,1
TXN102125,68.63,product_not_received,apparel,28,67,3,2,1,0,0,1,1,1
TXN102126,131.56,product_not_received,digital_goods,114,820,1,0,0,1,1,1,1,0
TXN102127,118.51,product_not_received,electronics,2,2073,0,1,1,0,0,1,1,1
TXN102128,148.18,fraud,apparel,30,450,0,2,1,0,0,1,1,0
TXN102129,81.9,fraud,general,74,2304,0,1,1,0,0,1,1,1
TXN102130,19.28,fraud,apparel,68,739,2,2,1,1,0,1,1,1
TXN102131,106.85,subscription_cancelled,travel,25,1575,0,0,1,0,0,1,1,1
TXN102132,41.53,credit_not_processed,general,8,1187,0,3,0,1,0,1,1,1
TXN102133,143.42,credit_not_processed,travel,108,1563,0,3,1,1,0,1,1,0
TXN102134,197.0,product_unacceptable,electronics,66,1993,1,3,0,0,0,1,1,0
TXN102135,105.19,product_unacceptable,digital_goods,69,372,1,2,1,0,0,1,1,1
TXN102136,54.27,product_not_received,digital_goods,7,880,0,1,1,0,0,1,1,1
TXN102137,153.94,subscription_cancelled,apparel,25,1420,1,1,1,0,0,1,1,1
TXN102138,736.81,subscription_cancelled,apparel,9,651,4,0,0,0,0,1,1,1
TXN102139,213.56,subscription_cancelled,travel,117,937,0,1,1,1,0,0,1,1
TXN102140,225.05,credit_not_processed,digital_goods,92,2214,1,3,1,0,0,1,1,1
TXN102141,96.53,product_not_received,apparel,66,572,1,1,0,0,0,1,1,1
TXN102142,73.17,subscription_cancelled,digital_goods,82,474,1,2,1,0,1,1,1,0
TXN102143,310.59,subscription_cancelled,digital_goods,20,1458,1,1,0,0,0,1,1,0
TXN102144,13.03,product_not_received,apparel,118,249,0,1,1,1,0,1,1,1
TXN102145,79.77,credit_not_processed,digital_goods,62,2,1,1,1,0,1,1,1,0
TXN102146,437.84,fraud,general,62,2174,0,2,1,0,0,1,0,1
TXN102147,136.81,credit_not_processed,travel,115,691,0,0,0,1,0,0,1,1
TXN102148,33.95,subscription_cancelled,travel,12,301,0,1,0,0,0,0,1,1
TXN102149,201.23,fraud,general,51,1640,0,0,1,0,1,1,0,0
TXN102150,105.74,duplicate_charge,travel,11,1202,0,2,0,1,1,0,1,1
TXN102151,26.78,fraud,apparel,51,1137,0,1,1,1,0,0,1,0
TXN102152,174.55,subscription_cancelled,digital_goods,32,1095,0,1,1,1,0,0,1,1
TXN102153,155.87,subscription_cancelled,digital_goods,55,364,1,1,1,0,0,1,1,1
TXN102154,149.18,duplicate_charge,digital_goods,84,2146,0,1,0,0,0,1,1,0
TXN102155,211.39,subscription_cancelled,electronics,34,3,0,3,1,0,0,1,1,1
TXN102156,51.07,fraud,electronics,7,1207,0,2,1,0,0,1,1,1
TXN102157,187.67,product_not_received,digital_goods,20,676,1,2,1,1,0,1,1,1
TXN102158,164.41,product_not_received,general,86,1604,0,2,1,0,0,1,1,0
TXN102159,306.13,fraud,subscription,69,1372,0,0,0,0,0,1,0,0
TXN102160,78.87,product_unacceptable,general,117,962,1,1,1,0,1,1,1,1
TXN102161,343.5,product_not_received,apparel,107,1336,0,2,0,0,0,1,1,1
TXN102162,259.82,product_not_received,digital_goods,20,567,0,1,1,0,1,1,1,0
TXN102163,132.7,product_not_received,travel,88,327,1,1,1,0,0,0,1,0
TXN102164,149.11,credit_not_processed,digital_goods,11,2263,0,0,1,1,0,1,1,1
TXN102165,14.17,product_not_received,digital_goods,12,1534,1,2,1,0,0,1,1,1
TXN102166,145.95,credit_not_processed,digital_goods,95,1634,0,1,0,0,1,1,1,0
TXN102167,247.37,product_not_received,electronics,48,2497,0,2,1,1,0,1,1,1
TXN102168,117.22,product_not_received,general,119,2260,1,1,1,0,0,1,1,1
TXN102169,305.61,product_unacceptable,general,1,1462,0,1,1,0,0,1,1,1
TXN102170,203.73,product_not_received,electronics,60,1980,1,2,1,0,0,1,1,1
TXN102171,527.87,product_not_received,digital_goods,37,1319,0,1,1,1,0,1,1,1
TXN102172,83.68,product_unacceptable,travel,118,594,0,4,1,0,0,1,1,1
TXN102173,230.97,fraud,subscription,80,1556,0,3,0,0,1,1,1,0
TXN102174,42.69,product_not_received,general,92,2282,0,1,1,0,0,1,1,1
TXN102175,125.86,product_unacceptable,digital_goods,35,2199,0,1,0,0,0,1,1,1
TXN102176,212.4,product_not_received,subscription,107,1262,1,2,1,1,0,0,1,1
TXN102177,241.2,subscription_cancelled,general,101,2364,1,1,0,0,0,1,1,0
TXN102178,110.12,product_not_received,subscription,94,493,0,1,1,0,0,1,1,1
TXN102179,328.52,credit_not_processed,apparel,57,102,1,2,1,1,0,1,1,1
TXN102180,377.65,subscription_cancelled,subscription,110,1008,0,3,1,1,0,1,1,1
TXN102181,84.5,credit_not_processed,digital_goods,80,512,0,2,1,0,0,1,1,1
TXN102182,128.97,subscription_cancelled,electronics,8,2394,0,1,0,1,0,1,1,1
TXN102183,118.67,fraud,subscription,106,289,0,0,1,0,0,1,1,1
TXN102184,96.47,product_unacceptable,general,3,1336,0,7,1,0,0,1,1,1
TXN102185,361.84,fraud,digital_goods,82,1930,1,1,0,0,0,1,1,0
TXN102186,359.03,subscription_cancelled,digital_goods,30,277,0,0,1,0,1,0,1,0
TXN102187,121.86,duplicate_charge,digital_goods,107,113,0,0,0,0,0,1,1,1
TXN102188,230.17,product_not_received,electronics,87,1383,0,6,1,1,1,0,1,1
TXN102189,303.18,credit_not_processed,general,97,2256,0,1,1,0,1,1,1,1
TXN102190,176.29,fraud,electronics,84,40,0,2,1,1,0,1,1,1
TXN102191,114.66,product_unacceptable,travel,68,51,0,4,1,0,0,1,1,1
TXN102192,79.47,subscription_cancelled,electronics,103,2313,0,1,0,0,0,1,1,1
TXN102193,245.85,fraud,subscription,36,1506,1,1,1,1,0,0,1,1
TXN102194,46.17,duplicate_charge,general,63,1753,0,2,1,0,0,1,1,0
TXN102195,117.14,subscription_cancelled,travel,36,688,2,3,1,0,0,1,1,1
TXN102196,101.63,fraud,travel,14,780,0,0,0,0,0,1,1,0
TXN102197,43.48,product_unacceptable,subscription,105,1176,1,2,1,0,0,1,1,1
TXN102198,137.02,product_not_received,general,60,535,0,3,1,0,0,1,1,0
TXN102199,126.82,duplicate_charge,general,7,1104,1,2,0,0,0,1,1,1
TXN102200,65.92,fraud,apparel,99,2384,2,1,1,0,0,1,1,1
TXN102201,352.61,credit_not_processed,travel,113,1872,0,0,1,0,1,1,0,1
TXN102202,247.05,credit_not_processed,subscription,79,2172,1,0,1,0,0,1,1,1
TXN102203,150.93,fraud,apparel,39,1241,0,1,0,0,1,1,1,0
TXN102204,273.85,product_not_received,subscription,103,1968,0,5,0,1,0,1,1,0
TXN102205,319.53,duplicate_charge,electronics,88,1053,2,0,1,1,0,1,1,1
TXN102206,363.44,duplicate_charge,general,34,1543,1,1,0,0,0,1,1,1
TXN102207,83.26,product_unacceptable,travel,40,1825,0,2,0,0,0,1,1,1
TXN102208,273.77,fraud,subscription,118,2062,0,0,1,0,0,1,1,0
TXN102209,127.24,fraud,subscription,114,2314,0,3,0,0,0,1,1,1
TXN102210,171.84,credit_not_processed,apparel,81,263,1,2,1,1,0,1,1,1
TXN102211,86.86,product_unacceptable,digital_goods,5,1984,0,2,1,0,0,1,1,1
TXN102212,145.62,credit_not_processed,general,28,1774,0,1,1,1,0,1,1,1
TXN102213,276.53,product_unacceptable,electronics,43,1841,0,0,0,1,0,1,1,1
TXN102214,426.45,credit_not_processed,subscription,64,36,0,2,0,1,0,1,1,1
TXN102215,134.97,fraud,apparel,104,1219,0,1,1,0,0,1,1,1
TXN102216,67.81,fraud,travel,101,2402,0,0,1,0,0,1,1,0
TXN102217,469.1,credit_not_processed,travel,33,2250,1,1,1,1,0,1,1,1
TXN102218,80.53,credit_not_processed,subscription,13,577,1,5,1,1,0,1,1,1
TXN102219,30.72,product_not_received,general,33,1215,0,2,1,0,0,1,1,1
TXN102220,92.76,product_not_received,digital_goods,29,2159,1,1,1,0,0,1,1,1
TXN102221,308.9,product_unacceptable,apparel,107,2325,0,3,1,0,0,1,1,0
TXN102222,76.03,product_not_received,digital_goods,2,827,0,0,0,0,0,1,1,1
TXN102223,53.22,fraud,travel,99,2007,0,1,1,0,0,1,1,1
TXN102224,160.11,credit_not_processed,subscription,79,2086,0,3,0,0,0,1,1,1
TXN102225,426.59,product_not_received,subscription,13,375,2,1,1,1,0,1,1,1
TXN102226,206.48,duplicate_charge,digital_goods,82,79,2,2,1,1,0,1,0,1
TXN102227,45.46,fraud,general,70,117,0,2,1,1,0,1,1,1
TXN102228,579.6,fraud,electronics,1,363,1,1,0,1,0,1,1,1
TXN102229,189.21,duplicate_charge,electronics,27,1852,1,1,1,1,0,1,1,1
TXN102230,287.74,product_not_received,electronics,42,973,0,2,1,0,0,1,1,1
TXN102231,36.66,duplicate_charge,general,26,1714,1,0,1,1,0,1,0,1
TXN102232,515.97,fraud,apparel,69,224,1,4,1,0,0,1,1,0
TXN102233,108.44,credit_not_processed,travel,74,1505,0,3,1,1,0,0,1,1
TXN102234,33.73,subscription_cancelled,subscription,21,1862,0,3,1,0,0,0,1,1
TXN102235,174.62,credit_not_processed,subscription,15,2440,1,1,0,1,0,1,1,0
TXN102236,287.65,fraud,general,78,798,0,1,1,0,0,1,1,0
TXN102237,229.32,product_not_received,electronics,56,1363,0,1,1,0,0,1,0,1
TXN102238,226.45,product_not_received,digital_goods,32,1207,1,0,1,0,0,1,0,1
TXN102239,214.97,product_unacceptable,travel,31,869,1,2,1,0,0,1,1,1
TXN102240,163.14,product_not_received,subscription,5,1599,1,5,1,1,0,1,1,1
TXN102241,36.52,fraud,travel,102,1412,0,0,0,0,0,1,1,0
TXN102242,125.76,product_not_received,travel,101,2082,0,2,1,0,0,1,1,1
TXN102243,112.52,product_not_received,apparel,66,71,0,0,1,1,0,1,1,1
TXN102244,364.43,product_not_received,electronics,42,554,0,2,0,0,1,1,0,0
TXN102245,309.22,fraud,digital_goods,26,1448,1,2,1,1,0,1,0,1
TXN102246,100.97,product_not_received,apparel,37,1434,0,4,1,0,0,1,0,1
TXN102247,256.72,duplicate_charge,travel,111,2256,1,0,1,0,0,1,0,1
TXN102248,140.15,product_not_received,subscription,11,1687,0,5,0,0,0,1,1,1
TXN102249,30.85,product_not_received,travel,98,10,2,1,1,1,0,1,1,1
TXN102250,14.34,product_unacceptable,travel,37,1222,0,5,1,1,0,1,1,1
TXN102251,235.6,subscription_cancelled,electronics,32,2113,0,1,1,1,0,1,1,1
TXN102252,59.48,product_not_received,travel,97,2182,0,4,1,0,1,1,1,1
TXN102253,59.25,duplicate_charge,digital_goods,115,2004,1,1,1,0,0,1,1,1
TXN102254,82.45,credit_not_processed,electronics,118,1193,0,1,1,0,0,1,1,1
TXN102255,239.31,product_unacceptable,apparel,32,265,0,4,0,0,0,1,1,0
TXN102256,312.12,credit_not_processed,subscription,71,533,1,3,1,0,1,1,0,1
TXN102257,307.56,subscription_cancelled,general,35,2117,0,2,0,1,0,1,1,0
TXN102258,27.31,fraud,travel,24,851,0,0,1,1,0,1,0,1
TXN102259,79.47,product_not_received,general,46,1908,0,1,1,0,1,1,1,1
TXN102260,68.86,duplicate_charge,apparel,8,90,0,1,1,1,0,1,1,1
TXN102261,239.19,credit_not_processed,apparel,20,1227,1,0,1,0,0,1,1,0
TXN102262,80.55,product_unacceptable,general,71,2375,1,1,0,0,0,1,1,1
TXN102263,132.43,fraud,apparel,82,613,1,1,1,0,0,1,1,0
TXN102264,254.64,product_unacceptable,travel,33,76,0,1,1,0,0,1,1,1
TXN102265,152.83,fraud,apparel,67,720,0,2,1,1,0,1,1,1
TXN102266,188.65,subscription_cancelled,apparel,91,157,1,0,1,0,0,1,1,1
TXN102267,128.7,product_unacceptable,digital_goods,107,1530,0,1,0,0,0,1,1,0
TXN102268,290.18,subscription_cancelled,digital_goods,68,479,3,0,0,0,1,1,1,0
TXN102269,310.39,credit_not_processed,general,29,615,2,0,1,1,0,1,1,1
TXN102270,214.9,duplicate_charge,general,85,1469,0,2,1,0,0,1,1,1
TXN102271,311.25,duplicate_charge,travel,21,813,1,0,0,1,0,1,1,1
TXN102272,706.37,subscription_cancelled,travel,17,1626,0,1,1,0,1,1,1,1
TXN102273,251.54,subscription_cancelled,electronics,43,2327,1,2,0,1,0,1,1,1
TXN102274,143.78,credit_not_processed,apparel,40,2328,0,2,0,0,1,1,1,0
TXN102275,191.85,fraud,electronics,18,1823,0,1,1,0,1,1,1,0
TXN102276,333.08,product_unacceptable,general,7,2421,0,1,1,0,1,1,1,1
TXN102277,107.39,fraud,apparel,113,1840,0,1,0,1,0,1,1,1
TXN102278,100.5,credit_not_processed,digital_goods,81,169,0,1,1,1,0,1,1,1
TXN102279,189.48,duplicate_charge,general,86,2389,0,2,1,1,0,1,1,1
TXN102280,141.76,product_not_received,subscription,8,1417,0,3,1,0,0,1,1,1
TXN102281,68.26,fraud,travel,95,14,0,4,1,1,0,1,1,0
TXN102282,168.63,product_not_received,electronics,44,1551,1,3,1,0,0,1,1,1
TXN102283,380.31,duplicate_charge,travel,90,611,0,2,0,0,0,0,1,1
TXN102284,209.78,fraud,travel,59,1336,0,1,1,0,0,1,1,1
TXN102285,56.72,fraud,apparel,29,1644,0,1,1,1,0,0,1,1
TXN102286,234.14,credit_not_processed,subscription,32,69,0,5,0,1,0,0,0,1
TXN102287,120.33,subscription_cancelled,general,17,1095,1,4,0,0,0,1,1,0
TXN102288,558.4,fraud,apparel,99,138,0,3,0,0,0,0,1,0
TXN102289,221.16,product_not_received,apparel,52,282,0,0,1,0,0,1,1,1
TXN102290,92.2,credit_not_processed,apparel,93,528,0,1,1,0,1,1,0,1
TXN102291,246.67,duplicate_charge,general,99,1953,2,0,0,0,0,1,0,0
TXN102292,177.67,duplicate_charge,electronics,20,1032,0,1,1,0,0,0,1,1
TXN102293,356.0,product_not_received,general,40,117,0,0,1,0,1,1,1,0
TXN102294,100.07,product_not_received,subscription,15,1867,0,3,0,1,0,1,1,1
TXN102295,220.8,fraud,digital_goods,2,1359,0,1,1,0,0,0,0,0
TXN102296,36.56,subscription_cancelled,travel,118,354,1,0,0,1,0,1,1,0
TXN102297,163.26,fraud,general,79,1406,0,0,0,1,0,0,1,1
TXN102298,55.33,fraud,subscription,54,621,1,1,1,0,0,1,1,1
TXN102299,173.39,subscription_cancelled,apparel,24,1589,0,2,1,0,0,1,1,1
TXN102300,202.3,credit_not_processed,electronics,71,2368,1,2,0,1,0,0,1,0
TXN102301,214.8,subscription_cancelled,travel,65,789,0,2,0,0,0,1,1,0
TXN102302,99.94,product_unacceptable,electronics,27,1863,1,2,1,0,0,1,1,0
TXN102303,166.96,product_unacceptable,electronics,2,59,1,4,1,0,0,1,1,1
TXN102304,326.56,product_not_received,general,56,1017,0,2,1,1,0,1,1,1
TXN102305,457.85,product_not_received,digital_goods,61,2222,1,1,1,0,0,1,1,1
TXN102306,171.21,product_unacceptable,travel,95,186,1,3,1,0,0,1,1,1
TXN102307,332.66,product_not_received,apparel,47,2323,0,1,1,1,0,1,1,1
TXN102308,73.51,duplicate_charge,electronics,12,234,1,1,0,0,1,1,1,1
TXN102309,112.88,credit_not_processed,electronics,105,1204,0,2,1,1,0,1,1,1
TXN102310,185.26,credit_not_processed,digital_goods,50,452,0,1,0,0,0,1,1,1
TXN102311,142.47,fraud,electronics,86,51,2,2,1,1,0,1,1,1
TXN102312,131.37,product_not_received,digital_goods,6,873,0,2,0,0,0,1,1,1
TXN102313,309.36,fraud,apparel,5,1452,0,1,0,0,0,0,1,0
TXN102314,63.63,product_not_received,travel,3,1805,0,4,1,0,0,0,1,1
TXN102315,69.35,product_not_received,travel,94,789,0,2,1,0,0,1,1,1
TXN102316,47.66,fraud,apparel,29,1231,1,3,1,0,0,1,1,1
TXN102317,189.35,subscription_cancelled,digital_goods,95,456,0,2,1,0,0,1,1,1
TXN102318,120.21,product_unacceptable,electronics,113,1824,0,1,1,0,0,1,1,1
TXN102319,289.09,credit_not_processed,apparel,79,422,0,0,0,0,0,1,1,1
TXN102320,177.74,fraud,general,118,2152,0,2,1,0,0,1,1,1
TXN102321,98.06,fraud,general,111,448,0,0,0,0,1,1,1,0
TXN102322,86.22,product_not_received,digital_goods,86,1660,0,1,1,1,0,1,1,1
TXN102323,135.96,fraud,general,96,827,0,2,0,0,0,0,1,0
TXN102324,56.04,product_not_received,travel,72,2491,0,1,1,1,0,1,1,1
TXN102325,314.37,credit_not_processed,electronics,27,701,0,2,0,0,0,1,1,1
TXN102326,115.65,fraud,general,13,2371,1,1,1,0,0,1,1,0
TXN102327,40.32,fraud,digital_goods,46,2091,0,1,1,0,0,1,1,1
TXN102328,357.49,product_unacceptable,travel,57,1169,1,2,0,0,0,1,1,0
TXN102329,137.51,product_unacceptable,travel,42,1238,0,0,1,1,0,1,1,1
TXN102330,233.12,duplicate_charge,apparel,13,884,1,2,0,0,0,1,0,1
TXN102331,99.19,product_not_received,subscription,61,1069,1,0,1,1,0,1,1,1
TXN102332,365.82,subscription_cancelled,travel,60,1164,0,4,1,1,0,0,1,1
TXN102333,76.83,fraud,digital_goods,114,364,0,1,0,0,0,1,1,0
TXN102334,120.16,product_not_received,apparel,114,807,0,1,1,1,0,1,1,1
TXN102335,29.07,duplicate_charge,subscription,74,2189,0,4,1,0,1,1,1,1
TXN102336,359.83,credit_not_processed,apparel,102,2447,0,2,1,1,0,1,1,1
TXN102337,89.36,product_not_received,electronics,38,137,0,0,1,0,0,1,1,0
TXN102338,192.61,product_unacceptable,general,116,1830,0,2,1,0,0,1,1,1
TXN102339,212.59,fraud,apparel,113,598,0,1,0,0,0,1,1,0
TXN102340,320.99,fraud,travel,15,1634,0,1,0,1,0,1,1,1
TXN102341,182.25,fraud,subscription,84,1553,0,2,1,0,0,1,1,1
TXN102342,143.83,subscription_cancelled,general,55,2197,0,2,1,0,0,1,1,1
TXN102343,298.86,product_not_received,travel,32,1755,1,3,0,1,0,1,1,1
TXN102344,210.08,subscription_cancelled,subscription,50,2059,0,1,0,0,0,1,1,0
TXN102345,127.49,fraud,general,108,2002,2,3,1,1,0,1,1,0
TXN102346,370.72,credit_not_processed,general,110,1618,0,0,1,0,0,1,1,1
TXN102347,221.79,subscription_cancelled,electronics,41,1025,1,2,0,1,0,1,1,1
TXN102348,51.85,fraud,subscription,55,842,0,1,1,0,1,1,1,0
TXN102349,416.11,fraud,apparel,62,866,0,1,1,1,0,1,1,0
TXN102350,97.15,fraud,general,88,896,0,2,1,1,0,1,1,1
TXN102351,319.92,subscription_cancelled,electronics,58,721,1,3,1,0,1,1,1,0
TXN102352,41.0,product_not_received,apparel,48,776,0,0,1,1,0,1,0,1
TXN102353,297.59,product_unacceptable,apparel,110,1420,0,3,0,1,0,1,1,1
TXN102354,54.77,product_not_received,travel,45,675,0,2,1,1,0,1,1,1
TXN102355,178.73,subscription_cancelled,electronics,32,871,1,0,1,1,0,1,1,1
TXN102356,217.44,product_unacceptable,electronics,39,1772,0,1,0,1,0,1,1,1
TXN102357,129.62,product_unacceptable,travel,40,820,1,1,1,0,0,1,1,1
TXN102358,156.93,credit_not_processed,general,67,266,0,1,1,1,0,1,1,1
TXN102359,65.69,fraud,travel,79,42,0,4,1,1,0,1,1,1
TXN102360,276.63,subscription_cancelled,digital_goods,16,1912,0,0,0,0,1,0,1,1
TXN102361,185.72,fraud,travel,106,2370,0,2,1,0,0,1,1,1
TXN102362,76.45,product_unacceptable,travel,31,1706,1,3,1,0,0,1,0,1
TXN102363,190.89,credit_not_processed,digital_goods,14,151,0,4,1,1,0,1,1,1
TXN102364,195.18,duplicate_charge,travel,80,1408,2,1,1,1,0,1,1,1
TXN102365,162.57,duplicate_charge,electronics,25,677,0,3,0,1,0,1,1,1
TXN102366,14.65,product_not_received,apparel,90,801,1,0,1,0,0,1,1,0
TXN102367,115.54,product_not_received,subscription,113,2303,0,1,1,0,0,1,1,1
TXN102368,273.74,product_not_received,digital_goods,83,2060,0,0,1,0,0,1,1,1
TXN102369,226.07,product_unacceptable,electronics,93,1838,0,0,1,1,0,1,1,1
TXN102370,221.32,product_unacceptable,electronics,59,1252,0,2,0,1,0,0,1,1
TXN102371,184.7,product_not_received,general,42,1445,1,3,0,1,0,1,1,1
TXN102372,295.75,product_not_received,apparel,73,2289,1,3,1,0,0,1,0,1
TXN102373,96.67,product_not_received,electronics,43,1652,0,1,0,1,0,1,1,1
TXN102374,80.68,product_not_received,subscription,105,1447,0,4,0,1,1,1,1,1
TXN102375,486.28,fraud,travel,56,242,0,0,1,1,0,1,1,1
TXN102376,88.59,credit_not_processed,digital_goods,60,2491,0,1,1,1,0,1,1,1
TXN102377,50.17,duplicate_charge,general,81,2021,1,0,0,0,0,1,1,1
TXN102378,127.81,fraud,apparel,23,911,0,1,1,1,0,1,0,1
TXN102379,167.02,duplicate_charge,travel,67,625,0,0,0,0,0,1,1,1
TXN102380,297.04,subscription_cancelled,subscription,90,2419,0,1,1,1,0,1,1,1
TXN102381,115.73,product_not_received,travel,93,2390,0,1,0,1,0,1,1,1
TXN102382,114.97,fraud,apparel,27,1050,0,0,1,1,1,1,1,0
TXN102383,155.77,fraud,subscription,7,578,0,2,0,0,0,1,1,1
TXN102384,100.64,fraud,subscription,24,1994,2,0,1,1,0,0,1,1
TXN102385,41.47,subscription_cancelled,electronics,98,1563,0,2,1,0,0,0,1,1
TXN102386,53.85,credit_not_processed,electronics,32,2250,0,4,0,1,0,1,1,1
TXN102387,352.25,fraud,subscription,7,1363,0,0,1,1,0,1,0,1
TXN102388,254.89,subscription_cancelled,electronics,72,1379,1,3,1,0,0,1,0,1
TXN102389,151.82,fraud,general,105,357,1,0,1,1,1,1,1,0
TXN102390,225.55,duplicate_charge,electronics,27,1507,2,2,1,1,0,1,1,1
TXN102391,260.16,subscription_cancelled,general,6,907,1,2,0,1,0,1,1,1
TXN102392,92.47,product_not_received,subscription,17,513,0,1,1,0,0,1,1,0
TXN102393,65.09,fraud,digital_goods,16,1953,0,0,1,1,0,1,1,0
TXN102394,328.2,duplicate_charge,apparel,25,864,2,0,1,1,0,1,1,1
TXN102395,18.53,credit_not_processed,digital_goods,22,531,1,1,0,1,0,1,0,0
TXN102396,228.08,product_not_received,subscription,76,2401,0,3,1,0,0,1,1,1
TXN102397,176.95,fraud,subscription,27,2407,0,0,0,1,0,1,1,1
TXN102398,306.37,fraud,apparel,66,1236,0,2,0,0,0,1,1,1
TXN102399,233.98,product_unacceptable,travel,48,738,0,0,1,1,0,1,1,1
TXN102400,224.55,duplicate_charge,general,78,404,1,3,0,0,1,1,1,0
TXN102401,70.94,subscription_cancelled,apparel,79,1566,0,1,0,0,1,1,1,0
TXN102402,267.04,subscription_cancelled,subscription,71,1527,0,2,1,0,0,1,1,1
TXN102403,208.73,credit_not_processed,apparel,107,1547,0,1,1,1,0,1,1,1
TXN102404,79.1,subscription_cancelled,general,24,1919,1,2,1,0,1,0,0,0
TXN102405,178.11,product_not_received,apparel,63,1176,0,1,1,1,1,1,0,0
TXN102406,58.65,product_unacceptable,apparel,47,1708,1,1,1,0,0,1,1,0
TXN102407,136.26,product_not_received,digital_goods,64,1638,1,1,1,0,0,0,1,0
TXN102408,618.34,product_not_received,digital_goods,17,1989,0,1,0,0,0,1,0,1
TXN102409,67.63,credit_not_processed,apparel,38,1858,1,0,0,1,0,1,1,1
TXN102410,41.07,duplicate_charge,travel,112,89,0,1,1,0,0,1,1,1
TXN102411,54.45,credit_not_processed,electronics,96,1547,0,0,1,1,0,1,1,1
TXN102412,134.78,product_not_received,general,51,2438,0,0,0,0,0,1,1,0
TXN102413,246.01,product_unacceptable,electronics,14,1399,0,1,1,1,0,1,1,1
TXN102414,159.25,product_unacceptable,digital_goods,78,1324,1,0,1,0,0,1,0,0
TXN102415,46.74,fraud,general,36,1516,0,2,1,0,0,1,1,1
TXN102416,243.79,product_not_received,electronics,40,1399,1,1,0,0,0,0,0,1
TXN102417,25.71,product_unacceptable,electronics,12,1004,0,4,1,0,0,1,1,1
TXN102418,51.66,fraud,subscription,35,2484,2,3,0,0,0,1,1,0
TXN102419,97.3,credit_not_processed,electronics,26,177,0,2,1,1,0,1,0,1
TXN102420,320.44,fraud,general,5,2035,0,1,1,1,1,1,0,1
TXN102421,164.01,fraud,digital_goods,70,399,2,1,1,0,1,1,1,0
TXN102422,168.83,subscription_cancelled,general,116,516,1,0,0,1,0,1,0,0
TXN102423,47.48,fraud,apparel,15,1516,0,1,0,0,1,1,1,0
TXN102424,105.31,credit_not_processed,electronics,7,1594,0,2,1,1,0,1,1,0
TXN102425,289.29,subscription_cancelled,general,12,2317,0,3,1,0,0,1,1,1
TXN102426,199.28,fraud,subscription,65,735,1,2,0,0,0,1,1,0
TXN102427,250.05,duplicate_charge,general,99,64,1,0,1,1,1,0,1,1
TXN102428,151.08,duplicate_charge,apparel,37,637,1,2,1,0,0,1,0,1
TXN102429,291.45,subscription_cancelled,digital_goods,15,1360,1,0,1,0,1,1,1,1
TXN102430,47.2,subscription_cancelled,travel,12,893,1,0,1,1,0,1,1,1
TXN102431,132.31,duplicate_charge,digital_goods,73,630,0,1,1,1,1,1,0,1
TXN102432,221.0,duplicate_charge,apparel,43,2285,1,3,0,1,0,1,1,1
TXN102433,34.15,product_not_received,digital_goods,42,1404,1,4,1,1,0,1,1,1
TXN102434,11.16,duplicate_charge,travel,29,1680,0,0,1,0,1,1,1,1
TXN102435,486.57,credit_not_processed,electronics,107,1874,2,1,1,1,0,1,1,1
TXN102436,165.69,duplicate_charge,digital_goods,45,1022,0,1,1,1,0,1,1,1
TXN102437,30.89,duplicate_charge,apparel,85,1838,1,3,0,0,0,0,1,0
TXN102438,162.59,product_not_received,electronics,89,2409,1,1,0,0,1,1,0,0
TXN102439,52.36,subscription_cancelled,electronics,8,1812,0,1,1,1,0,1,1,1
TXN102440,70.92,credit_not_processed,digital_goods,30,742,1,1,0,1,0,1,1,1
TXN102441,327.82,fraud,electronics,107,1947,0,4,1,0,0,1,1,1
TXN102442,99.27,fraud,digital_goods,106,590,0,1,0,1,0,1,1,1
TXN102443,98.61,product_unacceptable,travel,50,181,1,2,0,0,0,1,1,1
TXN102444,50.83,product_unacceptable,general,19,1110,1,1,1,0,0,1,1,1
TXN102445,117.02,product_unacceptable,electronics,36,1273,0,2,0,1,1,1,1,1
TXN102446,173.75,fraud,digital_goods,113,1174,0,1,1,0,0,1,1,1
TXN102447,99.17,product_not_received,electronics,81,654,0,2,0,0,1,1,1,0
TXN102448,571.57,duplicate_charge,digital_goods,9,682,0,1,1,1,0,1,1,1
TXN102449,62.83,duplicate_charge,digital_goods,86,2303,0,0,1,0,0,1,1,1
TXN102450,62.51,duplicate_charge,subscription,18,728,0,0,1,1,1,0,1,1
TXN102451,113.3,subscription_cancelled,digital_goods,37,1957,1,0,0,1,0,1,1,0
TXN102452,527.23,duplicate_charge,general,58,643,0,2,1,1,0,1,1,1
TXN102453,252.93,subscription_cancelled,electronics,42,268,0,2,0,1,1,1,1,1
TXN102454,96.51,duplicate_charge,electronics,84,158,0,1,0,1,0,1,1,1
TXN102455,96.57,product_unacceptable,electronics,19,608,1,2,1,1,0,0,1,1
TXN102456,60.74,duplicate_charge,digital_goods,105,2103,1,0,0,1,0,1,1,0
TXN102457,110.68,fraud,apparel,71,1138,0,0,1,0,0,1,1,1
TXN102458,129.49,product_not_received,electronics,37,1737,2,1,0,1,0,1,1,1
TXN102459,244.83,product_unacceptable,apparel,114,2407,0,3,1,0,0,1,1,1
TXN102460,209.71,credit_not_processed,general,57,120,2,1,1,0,0,1,1,1
TXN102461,107.78,duplicate_charge,subscription,50,274,0,2,1,0,0,1,1,1
TXN102462,402.37,fraud,electronics,3,2300,1,0,1,0,0,1,1,1
TXN102463,85.95,duplicate_charge,general,119,1419,0,3,0,0,0,1,1,1
TXN102464,40.29,product_not_received,apparel,101,1544,0,3,0,1,0,0,1,0
TXN102465,179.83,subscription_cancelled,digital_goods,21,853,0,5,1,0,1,1,1,1
TXN102466,311.45,subscription_cancelled,apparel,113,2066,1,2,1,1,1,1,1,1
TXN102467,146.58,duplicate_charge,digital_goods,95,1615,0,0,1,1,0,1,1,1
TXN102468,48.97,duplicate_charge,subscription,51,644,0,0,1,1,0,1,1,1
TXN102469,169.2,product_not_received,subscription,111,1621,1,0,1,0,0,0,1,0
TXN102470,185.26,product_unacceptable,travel,67,9,0,6,1,0,1,1,1,0
TXN102471,199.67,credit_not_processed,travel,82,601,0,1,1,0,0,0,1,1
TXN102472,171.74,subscription_cancelled,subscription,22,509,0,2,0,1,0,1,1,1
TXN102473,339.97,product_unacceptable,apparel,14,1964,1,1,1,0,0,1,1,1
TXN102474,59.44,product_not_received,digital_goods,63,1837,1,2,0,0,0,0,1,1
TXN102475,7.54,fraud,electronics,39,228,0,2,1,0,1,1,1,0
TXN102476,25.74,fraud,subscription,117,2266,1,3,1,1,0,0,1,1
TXN102477,48.32,fraud,digital_goods,11,2045,1,5,1,0,0,1,1,1
TXN102478,275.09,product_not_received,travel,91,1086,1,1,1,0,0,1,1,0
TXN102479,116.99,credit_not_processed,travel,72,529,0,0,1,0,1,1,1,0
TXN102480,423.9,product_unacceptable,apparel,105,1050,0,0,1,0,0,1,1,1
TXN102481,55.58,product_not_received,electronics,119,1473,0,1,1,1,0,1,1,1
TXN102482,418.18,fraud,general,104,1575,0,1,1,0,1,1,1,0
TXN102483,71.61,product_not_received,apparel,45,868,0,0,1,0,1,0,1,0
TXN102484,129.31,subscription_cancelled,electronics,83,253,0,2,1,0,0,1,1,1
TXN102485,31.12,product_not_received,apparel,20,1524,0,1,1,0,0,1,1,1
TXN102486,381.23,subscription_cancelled,general,58,1762,1,1,1,1,1,0,1,0
TXN102487,143.32,subscription_cancelled,apparel,32,668,0,1,1,1,1,1,1,1
TXN102488,588.51,fraud,general,30,1598,1,0,1,1,0,1,1,0
TXN102489,321.39,duplicate_charge,digital_goods,68,1422,0,2,1,0,0,1,1,1
TXN102490,126.83,credit_not_processed,general,16,1253,0,2,1,1,0,1,1,1
TXN102491,81.83,product_not_received,travel,68,20,0,1,0,1,0,1,1,0
TXN102492,283.65,fraud,electronics,48,768,0,2,1,1,0,1,1,1
TXN102493,155.01,credit_not_processed,travel,28,936,1,0,1,0,0,1,1,0
TXN102494,78.15,credit_not_processed,digital_goods,67,2084,3,1,1,1,0,0,1,0
TXN102495,163.63,product_unacceptable,apparel,90,2065,1,2,1,1,0,1,1,0
TXN102496,21.74,product_unacceptable,travel,73,2184,1,1,1,0,1,0,1,0
TXN102497,202.45,fraud,electronics,11,1157,0,3,1,0,0,1,1,1
TXN102498,231.13,subscription_cancelled,subscription,67,817,0,0,1,0,0,1,1,1
TXN102499,53.81,product_unacceptable,subscription,75,1248,0,2,0,0,1,1,1,0
TXN102500,346.24,fraud,electronics,82,1979,1,4,1,0,0,1,1,1
TXN102501,297.42,duplicate_charge,digital_goods,51,1553,0,3,1,1,0,0,1,1
TXN102502,189.24,credit_not_processed,travel,12,1503,0,2,1,0,0,0,1,1
TXN102503,67.11,subscription_cancelled,electronics,16,1085,0,2,1,0,0,1,1,1
TXN102504,241.04,product_not_received,digital_goods,40,1741,2,1,1,0,0,1,1,1
TXN102505,111.96,fraud,apparel,76,2167,0,3,1,1,1,1,1,1
TXN102506,174.96,credit_not_processed,electronics,88,1669,1,1,1,0,1,1,1,1
TXN102507,257.52,credit_not_processed,subscription,81,1008,1,0,0,1,0,1,1,1
TXN102508,40.98,product_unacceptable,digital_goods,38,2099,0,1,0,0,0,1,1,1
TXN102509,29.8,duplicate_charge,subscription,53,2356,1,4,1,0,0,1,1,1
TXN102510,103.27,product_unacceptable,travel,6,1991,1,2,1,0,1,1,1,0
TXN102511,523.4,product_not_received,general,95,2192,0,3,1,0,0,1,1,1
TXN102512,604.76,fraud,general,43,663,0,2,0,0,0,1,1,0
TXN102513,199.15,fraud,travel,61,1052,2,3,1,0,0,1,1,0
TXN102514,303.2,product_not_received,digital_goods,54,623,1,0,0,0,1,1,1,0
TXN102515,147.97,subscription_cancelled,digital_goods,35,914,1,0,0,0,0,1,1,0
TXN102516,163.74,fraud,subscription,21,1833,0,3,0,1,0,0,1,0
TXN102517,129.19,product_not_received,digital_goods,114,1691,1,2,0,1,0,1,0,0
TXN102518,328.89,product_unacceptable,travel,15,7,1,2,1,0,0,1,1,1
TXN102519,427.15,fraud,apparel,113,1888,1,0,1,0,0,1,0,1
TXN102520,160.85,fraud,general,14,480,0,1,0,0,0,1,1,0
TXN102521,163.2,product_unacceptable,travel,12,464,0,2,1,0,0,1,1,1
TXN102522,134.46,product_not_received,apparel,108,1359,1,2,1,0,0,1,1,1
TXN102523,434.42,duplicate_charge,travel,113,602,0,2,0,1,0,1,1,1
TXN102524,277.36,credit_not_processed,digital_goods,107,2407,1,1,1,0,0,1,1,1
TXN102525,65.72,fraud,electronics,93,365,1,2,0,1,0,1,1,1
TXN102526,512.86,credit_not_processed,general,59,379,0,1,1,0,0,1,1,1
TXN102527,14.02,credit_not_processed,general,13,1901,2,2,1,0,0,1,1,1
TXN102528,405.61,subscription_cancelled,general,71,716,3,1,0,0,0,1,1,0
TXN102529,310.88,duplicate_charge,digital_goods,62,1786,0,1,1,0,0,1,1,1
TXN102530,161.23,duplicate_charge,apparel,88,1703,2,1,1,1,0,1,1,1
TXN102531,158.26,duplicate_charge,electronics,5,472,0,3,0,1,0,1,0,1
TXN102532,139.83,duplicate_charge,subscription,10,1449,0,0,1,0,0,1,1,1
TXN102533,68.55,fraud,apparel,71,1342,0,0,1,0,0,1,1,1
TXN102534,485.97,credit_not_processed,general,102,236,0,0,1,0,1,1,1,0
TXN102535,154.69,duplicate_charge,general,112,1910,0,1,1,0,0,1,1,1
TXN102536,67.46,subscription_cancelled,electronics,68,2143,0,0,1,1,0,1,0,1
TXN102537,466.41,product_not_received,general,44,2367,0,1,1,0,0,1,1,1
TXN102538,215.61,fraud,electronics,57,219,0,3,0,0,0,1,1,0
TXN102539,225.03,product_unacceptable,digital_goods,61,446,1,1,1,1,0,1,0,1
TXN102540,537.72,product_unacceptable,digital_goods,74,2062,0,1,0,0,0,1,0,0
TXN102541,247.6,product_not_received,general,28,760,0,3,1,0,1,1,1,0
TXN102542,92.89,product_not_received,travel,47,1563,0,1,0,0,0,1,1,1
TXN102543,247.33,product_not_received,general,65,870,0,2,0,1,0,0,1,0
TXN102544,74.14,product_unacceptable,travel,102,543,1,0,1,1,0,1,1,1
TXN102545,108.02,product_not_received,subscription,96,1562,0,2,0,1,0,1,1,1
TXN102546,194.46,credit_not_processed,general,90,513,2,1,1,0,0,1,1,1
TXN102547,300.02,fraud,general,26,341,0,1,0,1,0,0,1,1
TXN102548,97.41,product_not_received,digital_goods,49,1326,0,2,1,0,0,1,1,1
TXN102549,136.69,product_not_received,digital_goods,66,483,0,2,1,0,1,1,1,1
TXN102550,135.56,product_unacceptable,general,116,480,0,0,1,0,0,1,1,1
TXN102551,336.5,product_unacceptable,subscription,43,1951,1,0,1,0,0,1,1,1
TXN102552,158.11,duplicate_charge,general,110,1321,0,1,1,0,0,0,1,1
TXN102553,508.31,credit_not_processed,travel,89,1355,1,2,0,1,1,1,1,0
TXN102554,107.95,product_not_received,general,76,358,0,1,0,1,0,1,1,1
TXN102555,100.98,duplicate_charge,subscription,84,400,1,2,0,1,0,1,1,1
TXN102556,400.66,fraud,subscription,95,976,0,6,0,0,0,1,1,1
TXN102557,233.26,product_not_received,apparel,84,971,0,1,0,0,0,0,1,1
TXN102558,390.6,product_unacceptable,travel,81,1129,0,4,1,1,0,1,1,1
TXN102559,52.06,fraud,subscription,45,336,0,1,0,0,0,0,1,0
TXN102560,155.29,duplicate_charge,subscription,51,2246,0,2,1,0,0,1,1,1
TXN102561,194.27,duplicate_charge,general,72,906,0,2,1,0,0,1,1,1
TXN102562,184.41,subscription_cancelled,apparel,101,2040,0,0,1,1,0,1,1,1
TXN102563,138.4,product_unacceptable,apparel,78,1000,0,0,1,0,1,1,1,0
TXN102564,181.69,duplicate_charge,general,118,1180,2,2,0,1,0,1,1,0
TXN102565,188.87,product_not_received,general,82,280,0,2,1,0,0,1,1,1
TXN102566,98.69,fraud,apparel,49,1691,1,2,1,0,0,1,1,1
TXN102567,327.19,fraud,digital_goods,69,149,0,3,1,1,0,1,1,1
TXN102568,470.12,duplicate_charge,general,75,1869,1,2,1,0,1,1,1,1
TXN102569,262.32,credit_not_processed,apparel,104,2204,0,1,1,0,0,1,1,1
TXN102570,210.7,fraud,subscription,31,904,0,1,1,0,0,1,1,1
TXN102571,147.85,product_unacceptable,electronics,30,2219,0,1,1,0,0,1,1,1
TXN102572,193.11,subscription_cancelled,apparel,25,1746,0,7,1,0,0,1,1,1
TXN102573,207.54,subscription_cancelled,subscription,7,6,0,0,1,0,0,1,1,1
TXN102574,68.77,product_unacceptable,travel,81,507,1,0,1,0,0,1,1,1
TXN102575,316.23,duplicate_charge,travel,115,1603,1,1,1,0,0,1,1,1
TXN102576,113.92,duplicate_charge,general,74,1754,0,1,0,1,0,1,1,1
TXN102577,415.07,subscription_cancelled,apparel,8,234,0,0,1,1,0,1,1,1
TXN102578,177.29,fraud,travel,44,1711,0,1,1,0,0,1,1,1
TXN102579,320.0,credit_not_processed,travel,108,2025,0,0,0,0,1,1,1,0
TXN102580,259.59,fraud,subscription,7,229,0,1,0,0,0,0,1,0
TXN102581,52.68,subscription_cancelled,apparel,73,2198,0,3,1,1,0,1,1,1
TXN102582,390.4,fraud,travel,53,1332,0,0,0,0,0,1,1,1
TXN102583,85.32,fraud,digital_goods,110,1541,0,0,0,1,0,1,1,1
TXN102584,107.9,fraud,travel,62,126,0,2,1,0,0,1,1,1
TXN102585,115.69,product_unacceptable,general,68,1532,0,2,1,0,0,1,1,1
TXN102586,36.39,product_not_received,digital_goods,86,1136,0,1,0,0,0,1,1,0
TXN102587,183.39,fraud,subscription,98,928,1,1,1,1,0,1,1,1
TXN102588,333.78,product_unacceptable,general,62,1950,0,0,0,0,0,1,1,0
TXN102589,408.3,product_not_received,subscription,86,623,0,0,0,1,0,1,1,1
TXN102590,138.37,subscription_cancelled,general,96,149,0,1,0,0,0,1,1,1
TXN102591,157.09,credit_not_processed,travel,63,1248,0,2,1,0,1,1,0,0
TXN102592,272.2,duplicate_charge,apparel,86,1859,0,0,1,0,0,1,1,1
TXN102593,141.36,fraud,general,44,334,0,1,0,0,1,1,1,0
TXN102594,354.37,product_not_received,travel,43,2461,2,2,1,1,0,1,1,1
TXN102595,151.31,credit_not_processed,apparel,1,1680,0,2,0,1,0,1,1,1
TXN102596,75.79,fraud,apparel,80,2335,0,1,0,0,0,1,1,0
TXN102597,186.9,product_not_received,apparel,30,1175,0,2,0,0,0,1,1,1
TXN102598,43.37,credit_not_processed,general,97,307,0,3,1,0,1,1,1,1
TXN102599,185.08,credit_not_processed,electronics,114,444,0,0,1,0,0,1,1,1
TXN102600,211.27,product_not_received,subscription,105,1251,0,3,1,0,0,1,1,1
TXN102601,85.67,duplicate_charge,travel,33,1470,0,2,0,1,0,1,1,1
TXN102602,205.35,product_unacceptable,electronics,78,1835,0,1,1,0,0,1,1,1
TXN102603,128.54,subscription_cancelled,travel,90,1988,0,3,1,0,0,1,1,1
TXN102604,82.73,fraud,subscription,61,1906,1,2,0,1,0,1,1,1
TXN102605,37.93,fraud,subscription,61,1471,0,1,1,1,0,0,1,1
TXN102606,48.04,duplicate_charge,travel,53,45,0,1,1,0,0,1,0,1
TXN102607,443.53,product_not_received,digital_goods,37,1324,0,1,1,0,0,1,1,1
TXN102608,124.5,duplicate_charge,electronics,69,2048,0,3,1,0,0,1,1,0
TXN102609,207.59,product_not_received,electronics,118,2119,0,0,0,0,0,1,1,0
TXN102610,137.5,credit_not_processed,digital_goods,27,2086,0,0,1,1,0,0,1,1
TXN102611,450.89,subscription_cancelled,travel,6,26,0,2,1,1,0,1,0,1
TXN102612,83.07,product_unacceptable,electronics,7,1088,0,2,1,0,1,1,1,0
TXN102613,167.3,subscription_cancelled,general,70,1541,1,0,0,0,0,1,1,0
TXN102614,107.31,product_not_received,travel,33,618,0,2,1,1,0,1,1,1
TXN102615,317.61,product_unacceptable,apparel,55,1024,1,1,1,0,1,0,1,1
TXN102616,206.01,fraud,general,114,243,1,1,1,1,0,1,1,0
TXN102617,162.76,credit_not_processed,apparel,10,483,0,1,1,1,0,1,1,1
TXN102618,54.14,subscription_cancelled,general,21,14,0,2,1,0,0,1,1,1
TXN102619,586.52,credit_not_processed,apparel,26,2448,0,4,1,1,0,0,1,1
TXN102620,140.57,credit_not_processed,digital_goods,55,2149,0,1,0,0,0,1,1,1
TXN102621,71.81,credit_not_processed,digital_goods,83,1009,0,2,1,0,0,1,1,1
TXN102622,38.1,product_not_received,general,22,10,0,1,1,0,1,1,1,1
TXN102623,46.58,credit_not_processed,apparel,13,838,0,1,1,1,0,1,1,1
TXN102624,161.6,product_unacceptable,general,11,1085,1,1,0,0,0,1,1,0
TXN102625,321.03,product_not_received,digital_goods,96,422,0,0,0,0,0,1,1,0
TXN102626,196.27,product_unacceptable,apparel,4,1654,0,0,1,0,0,0,1,0
TXN102627,40.24,product_not_received,travel,75,2494,2,3,1,1,0,1,1,1
TXN102628,161.35,product_not_received,subscription,69,2109,0,5,1,1,0,1,1,1
TXN102629,388.14,product_not_received,digital_goods,13,2140,0,1,0,0,0,1,1,0
TXN102630,121.15,fraud,electronics,66,2077,0,0,1,0,0,1,0,1
TXN102631,196.7,product_unacceptable,digital_goods,35,174,1,3,0,0,0,1,1,1
TXN102632,125.36,credit_not_processed,travel,62,1378,1,4,1,1,1,1,1,0
TXN102633,228.66,duplicate_charge,electronics,17,1414,1,5,1,0,0,1,1,1
TXN102634,81.98,product_unacceptable,electronics,80,252,0,1,1,1,0,1,1,1
TXN102635,6.57,product_not_received,general,95,368,0,3,1,1,0,1,1,1
TXN102636,57.06,product_unacceptable,electronics,1,1413,0,2,0,1,0,1,1,1
TXN102637,109.38,fraud,digital_goods,64,1789,1,2,1,0,0,1,1,1
TXN102638,149.42,subscription_cancelled,subscription,78,522,1,2,1,1,1,1,1,1
TXN102639,112.91,fraud,apparel,1,1210,0,2,1,0,0,1,1,1
TXN102640,111.11,duplicate_charge,digital_goods,87,188,0,2,1,1,1,1,1,0
TXN102641,322.89,subscription_cancelled,electronics,65,275,0,1,1,0,0,1,0,0
TXN102642,65.58,product_unacceptable,subscription,37,1450,1,0,1,1,0,1,1,1
TXN102643,162.16,credit_not_processed,travel,58,1392,0,1,0,0,0,1,1,0
TXN102644,42.73,product_not_received,general,82,1875,0,2,1,1,0,1,1,1
TXN102645,262.44,credit_not_processed,general,77,2276,2,4,0,0,1,1,1,0
TXN102646,192.61,subscription_cancelled,digital_goods,93,474,0,2,0,1,0,1,1,1
TXN102647,579.04,subscription_cancelled,electronics,5,852,0,1,0,0,0,1,1,0
TXN102648,63.35,duplicate_charge,digital_goods,94,2139,0,2,1,0,0,1,1,0
TXN102649,465.44,subscription_cancelled,electronics,5,127,1,1,1,0,0,1,0,1
TXN102650,71.18,credit_not_processed,travel,78,2070,2,2,1,1,0,1,1,1
TXN102651,120.42,product_not_received,electronics,42,2363,1,2,0,1,1,1,1,1
TXN102652,49.64,subscription_cancelled,general,8,249,0,1,1,1,0,1,1,1
TXN102653,574.08,subscription_cancelled,travel,82,354,0,0,0,0,0,1,1,1
TXN102654,214.24,product_unacceptable,apparel,66,1710,0,3,1,1,0,0,1,1
TXN102655,215.89,credit_not_processed,general,80,1187,1,0,0,0,0,1,1,1
TXN102656,76.97,product_not_received,subscription,45,2468,2,1,1,0,0,1,1,1
TXN102657,15.62,product_unacceptable,digital_goods,34,1361,0,1,1,1,0,0,1,0
TXN102658,116.54,fraud,electronics,75,1637,0,2,1,0,1,0,1,0
TXN102659,99.65,product_not_received,digital_goods,26,592,0,2,1,0,0,1,1,1
TXN102660,27.28,subscription_cancelled,travel,97,811,1,3,1,1,0,1,1,1
TXN102661,122.76,product_not_received,subscription,82,443,1,1,1,0,0,1,1,1
TXN102662,162.38,product_not_received,apparel,119,367,1,3,1,1,0,1,0,1
TXN102663,224.78,product_not_received,subscription,4,282,2,1,0,0,0,1,1,1
TXN102664,18.05,product_unacceptable,apparel,70,2231,0,1,1,1,0,0,1,1
TXN102665,52.5,subscription_cancelled,apparel,67,174,1,1,1,0,0,1,1,1
TXN102666,79.32,credit_not_processed,digital_goods,103,1291,0,0,1,1,0,1,1,1
TXN102667,332.67,fraud,electronics,51,1270,0,1,1,1,0,1,1,1
TXN102668,328.33,product_unacceptable,digital_goods,112,139,0,2,1,1,0,1,1,1
TXN102669,205.9,product_unacceptable,digital_goods,29,2105,0,0,1,0,0,1,1,1
TXN102670,121.05,duplicate_charge,apparel,102,1251,0,2,0,1,0,1,1,1
TXN102671,346.83,product_unacceptable,subscription,62,316,1,3,1,0,0,1,1,0
TXN102672,187.93,product_not_received,apparel,113,321,2,1,1,0,0,1,1,1
TXN102673,333.72,product_unacceptable,subscription,26,1751,1,1,0,0,0,1,1,1
TXN102674,212.8,duplicate_charge,subscription,31,1549,0,3,0,0,0,1,1,1
TXN102675,31.31,product_unacceptable,travel,68,1031,2,2,1,1,0,0,1,1
TXN102676,15.37,product_unacceptable,apparel,66,1012,1,4,0,0,1,1,1,0
TXN102677,111.49,subscription_cancelled,subscription,18,88,1,3,1,1,0,1,1,1
TXN102678,285.19,subscription_cancelled,apparel,78,79,0,3,0,1,1,0,1,0
TXN102679,98.59,product_not_received,apparel,49,1339,1,1,0,0,0,1,0,1
TXN102680,393.04,subscription_cancelled,general,19,909,0,1,1,0,0,1,1,1
TXN102681,267.43,subscription_cancelled,digital_goods,61,630,1,3,0,0,0,1,1,1
TXN102682,369.8,fraud,subscription,84,947,0,0,0,0,0,1,1,0
TXN102683,114.01,duplicate_charge,electronics,4,1513,1,0,1,0,1,1,1,0
TXN102684,67.6,product_not_received,travel,110,733,0,0,1,1,0,1,1,1
TXN102685,59.02,subscription_cancelled,general,73,873,1,2,1,1,1,1,1,0
TXN102686,227.45,product_not_received,subscription,31,706,0,1,1,0,0,1,1,1
TXN102687,34.16,duplicate_charge,travel,90,1666,2,2,1,0,1,0,1,0
TXN102688,36.44,product_not_received,general,101,136,0,3,1,1,0,1,1,1
TXN102689,93.81,product_unacceptable,apparel,114,2296,2,2,1,1,0,1,1,1
TXN102690,182.77,credit_not_processed,digital_goods,95,1386,0,1,1,1,1,1,1,1
TXN102691,80.47,product_not_received,electronics,25,611,0,0,0,1,0,1,1,0
TXN102692,328.84,credit_not_processed,subscription,20,1898,0,3,1,0,0,1,1,1
TXN102693,373.4,credit_not_processed,subscription,25,2349,0,1,1,1,0,1,1,1
TXN102694,9.82,credit_not_processed,subscription,105,145,0,0,1,0,0,1,1,1
TXN102695,215.76,fraud,subscription,37,510,2,1,0,0,0,1,1,0
TXN102696,98.99,subscription_cancelled,electronics,40,359,0,3,0,1,0,0,1,1
TXN102697,294.23,fraud,travel,107,176,0,2,0,0,0,0,1,1
TXN102698,221.09,product_not_received,subscription,25,1846,0,1,0,1,1,1,1,1
TXN102699,176.43,credit_not_processed,apparel,49,481,0,4,1,1,0,1,1,1
TXN102700,140.42,duplicate_charge,digital_goods,36,958,1,0,1,1,1,1,1,1
TXN102701,36.61,product_unacceptable,general,36,2037,1,2,0,0,0,1,1,0
TXN102702,634.79,product_not_received,digital_goods,71,1529,0,0,1,0,0,1,0,0
TXN102703,51.94,subscription_cancelled,subscription,89,1693,2,0,1,1,0,1,1,1
TXN102704,468.82,duplicate_charge,travel,32,244,1,2,0,0,1,0,1,0
TXN102705,252.27,product_unacceptable,travel,5,2427,1,2,0,0,0,1,1,0
TXN102706,103.15,credit_not_processed,travel,77,206,0,2,1,0,1,1,1,1
TXN102707,90.78,product_not_received,travel,66,1774,1,1,1,1,0,1,1,1
TXN102708,35.07,fraud,subscription,79,1598,1,1,1,1,0,1,1,0
TXN102709,159.61,duplicate_charge,general,54,1031,1,1,0,1,0,1,1,1
TXN102710,33.63,credit_not_processed,apparel,93,2095,0,1,1,1,0,1,1,1
TXN102711,341.82,product_not_received,general,75,2231,0,1,1,1,0,1,0,1
TXN102712,189.73,product_not_received,travel,91,175,0,2,1,0,0,1,1,1
TXN102713,151.65,fraud,travel,88,2395,0,0,1,0,0,1,1,1
TXN102714,166.91,credit_not_processed,apparel,60,602,1,1,0,0,0,0,1,0
TXN102715,195.42,product_not_received,digital_goods,39,1979,0,0,1,1,0,1,1,1
TXN102716,118.66,product_unacceptable,travel,70,2051,0,1,1,0,0,1,1,1
TXN102717,131.75,credit_not_processed,digital_goods,76,1391,1,0,1,1,0,1,0,1
TXN102718,502.67,fraud,apparel,69,2158,0,1,0,1,0,1,1,1
TXN102719,318.81,product_unacceptable,subscription,63,2064,0,3,1,0,0,1,0,1
TXN102720,244.67,product_unacceptable,digital_goods,41,1306,2,2,1,0,0,0,1,1
TXN102721,103.17,subscription_cancelled,travel,16,447,1,0,0,0,1,0,1,0
TXN102722,22.78,product_not_received,electronics,51,1086,1,0,1,1,0,1,1,1
TXN102723,224.82,product_not_received,electronics,105,2250,0,0,0,0,0,0,0,0
TXN102724,166.55,fraud,general,86,506,0,1,0,1,0,1,1,0
TXN102725,129.43,subscription_cancelled,electronics,90,2498,1,1,0,0,1,1,1,0
TXN102726,146.12,subscription_cancelled,subscription,88,454,0,1,1,1,0,0,1,1
TXN102727,54.85,fraud,general,110,1662,0,0,1,0,0,1,1,0
TXN102728,70.54,product_not_received,digital_goods,27,1602,1,1,1,1,0,1,1,1
TXN102729,319.25,credit_not_processed,general,86,489,1,2,1,1,1,1,0,1
TXN102730,17.04,fraud,digital_goods,9,1180,1,0,0,1,0,1,1,0
TXN102731,288.36,product_not_received,general,30,361,0,0,1,0,0,1,1,1
TXN102732,404.99,product_unacceptable,apparel,4,911,0,1,1,1,0,1,1,1
TXN102733,221.42,product_not_received,digital_goods,52,2398,0,1,1,1,0,1,1,1
TXN102734,213.62,product_not_received,digital_goods,17,135,0,1,1,1,0,1,1,1
TXN102735,69.98,product_unacceptable,subscription,47,2178,1,2,0,0,0,1,1,1
TXN102736,79.59,fraud,electronics,17,1693,0,1,1,1,0,1,1,1
TXN102737,110.35,product_unacceptable,subscription,5,1871,0,2,1,0,0,0,1,1
TXN102738,44.71,duplicate_charge,electronics,57,705,0,1,1,0,0,1,1,1
TXN102739,74.55,product_unacceptable,apparel,49,2372,1,4,1,1,0,1,1,1
TXN102740,166.09,fraud,travel,50,633,0,1,0,0,0,1,1,1
TXN102741,104.92,subscription_cancelled,electronics,42,1258,0,1,1,0,0,1,1,1
TXN102742,177.25,fraud,digital_goods,49,91,1,6,1,0,0,1,1,0
TXN102743,318.43,subscription_cancelled,general,1,2219,1,2,0,0,0,0,1,1
TXN102744,176.22,product_not_received,subscription,57,1761,0,4,0,1,0,1,1,1
TXN102745,215.36,subscription_cancelled,electronics,101,407,0,2,1,0,0,1,1,1
TXN102746,33.06,fraud,travel,17,1655,1,3,1,0,0,1,1,1
TXN102747,314.51,fraud,travel,18,457,1,5,1,0,0,1,1,1
TXN102748,32.17,product_unacceptable,electronics,93,1111,1,0,1,1,1,1,1,1
TXN102749,98.95,fraud,travel,60,1280,1,3,1,0,1,1,1,0
TXN102750,57.43,product_not_received,travel,31,2328,1,2,1,0,0,1,1,1
TXN102751,22.92,subscription_cancelled,subscription,94,831,0,4,0,1,0,1,1,0
TXN102752,169.39,subscription_cancelled,apparel,39,32,1,0,0,1,0,1,1,1
TXN102753,228.99,fraud,apparel,72,1081,0,3,0,1,0,1,1,1
TXN102754,412.1,credit_not_processed,subscription,67,2316,0,1,1,0,0,1,1,1
TXN102755,187.99,subscription_cancelled,subscription,21,1995,0,1,1,0,0,1,1,1
TXN102756,74.15,credit_not_processed,electronics,90,147,0,0,1,1,0,1,1,1
TXN102757,102.86,duplicate_charge,apparel,74,133,0,0,1,1,0,1,1,1
TXN102758,26.71,duplicate_charge,travel,25,1892,0,3,1,1,1,1,1,1
TXN102759,112.03,product_unacceptable,subscription,91,1802,0,2,1,0,0,1,1,1
TXN102760,149.95,duplicate_charge,apparel,74,1393,0,3,0,0,0,1,1,1
TXN102761,222.05,credit_not_processed,apparel,102,220,0,1,1,1,0,1,1,0
TXN102762,266.39,fraud,subscription,98,700,1,1,1,1,0,1,1,1
TXN102763,216.78,product_not_received,subscription,38,2118,2,1,1,1,0,1,1,1
TXN102764,67.35,fraud,general,112,348,1,1,0,0,0,1,1,0
TXN102765,51.28,credit_not_processed,subscription,5,504,0,1,0,1,0,1,1,1
TXN102766,252.96,product_unacceptable,general,40,1130,0,2,1,0,0,1,1,1
TXN102767,22.09,duplicate_charge,apparel,73,1837,0,1,1,0,0,1,1,1
TXN102768,549.16,subscription_cancelled,apparel,64,2070,0,3,1,0,0,1,1,1
TXN102769,80.35,credit_not_processed,apparel,27,1479,0,1,1,0,1,1,0,1
TXN102770,345.04,fraud,electronics,24,1231,0,2,1,0,0,1,1,1
TXN102771,93.4,subscription_cancelled,subscription,93,964,0,0,0,0,0,1,1,0
TXN102772,232.91,credit_not_processed,travel,105,109,0,3,1,0,0,1,1,0
TXN102773,53.02,fraud,electronics,81,668,0,3,1,0,0,0,1,1
TXN102774,156.96,subscription_cancelled,apparel,64,536,0,1,1,0,0,1,1,1
TXN102775,28.57,product_not_received,apparel,93,143,1,1,1,1,1,1,1,1
TXN102776,195.49,duplicate_charge,digital_goods,29,1862,0,1,1,1,0,0,1,1
TXN102777,52.16,product_unacceptable,digital_goods,116,883,0,2,0,0,1,1,1,0
TXN102778,60.08,product_not_received,apparel,15,1273,1,4,0,1,0,1,1,1
TXN102779,107.41,fraud,general,70,501,0,0,1,0,0,1,1,1
TXN102780,126.08,fraud,apparel,41,1478,1,1,1,0,0,1,1,1
TXN102781,222.29,fraud,travel,108,339,1,1,1,0,0,1,1,1
TXN102782,206.46,duplicate_charge,digital_goods,30,1694,1,2,1,1,0,1,1,1
TXN102783,169.7,product_not_received,digital_goods,77,1846,0,3,0,0,0,1,1,0
TXN102784,287.72,fraud,subscription,19,778,0,3,1,1,0,1,1,1
TXN102785,202.26,duplicate_charge,general,22,531,0,3,1,1,0,1,1,1
TXN102786,213.05,duplicate_charge,electronics,50,1950,0,2,1,0,1,1,1,1
TXN102787,59.59,product_unacceptable,digital_goods,96,557,2,2,1,1,0,1,1,1
TXN102788,303.34,credit_not_processed,electronics,34,445,0,4,1,0,0,1,1,1
TXN102789,277.73,product_not_received,digital_goods,83,851,1,1,1,1,0,1,1,1
TXN102790,175.95,subscription_cancelled,travel,68,2416,0,0,0,1,0,1,1,1
TXN102791,270.68,fraud,digital_goods,117,1156,0,2,1,0,0,1,1,1
TXN102792,147.79,subscription_cancelled,apparel,36,656,0,0,1,0,1,1,1,1
TXN102793,426.29,credit_not_processed,apparel,29,1284,0,1,1,1,0,1,1,1
TXN102794,163.97,subscription_cancelled,apparel,108,870,0,1,0,0,0,1,1,0
TXN102795,143.92,product_unacceptable,apparel,40,1661,0,6,0,1,0,1,1,0
TXN102796,203.34,duplicate_charge,digital_goods,26,1097,0,1,1,0,0,1,1,1
TXN102797,487.01,product_not_received,subscription,98,1471,0,2,1,0,0,1,1,1
TXN102798,95.9,duplicate_charge,electronics,97,1090,1,0,1,0,0,0,1,1
TXN102799,193.69,subscription_cancelled,electronics,8,1204,1,0,1,0,0,1,1,1
TXN102800,101.94,credit_not_processed,travel,102,1117,3,4,1,1,0,1,1,1
TXN102801,143.78,product_unacceptable,subscription,76,984,0,0,1,0,0,1,1,0
TXN102802,73.87,fraud,apparel,34,2409,0,1,1,1,0,1,1,1
TXN102803,208.99,duplicate_charge,apparel,64,664,0,4,1,0,0,1,1,1
TXN102804,153.84,fraud,travel,29,2013,1,1,0,0,0,1,1,1
TXN102805,266.67,product_not_received,digital_goods,21,1774,0,0,1,0,0,1,0,1
TXN102806,319.68,product_not_received,subscription,16,1319,1,1,1,0,0,1,0,1
TXN102807,353.64,subscription_cancelled,electronics,20,793,1,0,0,1,0,1,1,1
TXN102808,105.28,fraud,electronics,70,1209,0,2,0,0,0,1,1,1
TXN102809,203.64,fraud,travel,97,2123,0,1,1,1,0,1,1,1
TXN102810,369.33,fraud,digital_goods,58,454,0,2,1,0,0,1,1,1
TXN102811,73.38,credit_not_processed,subscription,2,1465,2,2,1,1,0,1,1,1
TXN102812,166.6,duplicate_charge,travel,52,1912,0,1,1,0,0,1,1,1
TXN102813,77.74,fraud,digital_goods,89,1584,1,0,1,1,0,1,1,1
TXN102814,482.66,fraud,electronics,100,360,0,1,1,0,1,1,1,0
TXN102815,366.44,product_unacceptable,electronics,88,1271,0,2,1,0,0,1,1,1
TXN102816,229.46,product_not_received,subscription,44,457,1,4,1,1,0,0,1,1
TXN102817,226.88,duplicate_charge,apparel,78,2321,0,4,1,1,0,1,0,1
TXN102818,84.28,product_not_received,travel,9,879,2,2,1,0,0,1,1,1
TXN102819,396.32,credit_not_processed,subscription,49,1053,1,0,0,1,0,0,1,0
TXN102820,121.47,product_not_received,general,64,2143,0,1,1,0,0,0,1,1
TXN102821,91.47,duplicate_charge,apparel,4,1067,1,0,1,0,0,1,1,1
TXN102822,331.77,fraud,electronics,2,484,0,2,0,1,1,1,1,1
TXN102823,112.43,credit_not_processed,subscription,96,2232,1,3,1,1,1,1,1,1
TXN102824,94.69,credit_not_processed,subscription,27,1619,0,2,0,0,0,1,1,1
TXN102825,277.57,subscription_cancelled,apparel,15,1512,0,1,0,1,1,0,0,1
TXN102826,55.43,product_unacceptable,travel,71,188,1,6,1,1,0,1,1,1
TXN102827,231.48,fraud,apparel,34,1122,1,0,1,0,0,1,1,1
TXN102828,168.04,subscription_cancelled,subscription,117,1148,0,0,0,0,1,0,1,1
TXN102829,261.57,subscription_cancelled,subscription,113,655,3,0,0,0,1,1,1,0
TXN102830,213.6,product_not_received,apparel,99,1411,0,0,0,0,0,1,1,1
TXN102831,690.4,product_unacceptable,digital_goods,36,612,1,2,1,0,0,1,1,1
TXN102832,179.92,product_unacceptable,digital_goods,105,1177,0,2,1,1,0,1,1,1
TXN102833,112.15,subscription_cancelled,electronics,31,2003,0,0,1,0,0,1,1,1
TXN102834,154.5,duplicate_charge,electronics,29,1838,0,3,1,0,0,1,1,1
TXN102835,211.95,duplicate_charge,general,116,698,0,2,1,0,0,1,1,1
TXN102836,464.71,duplicate_charge,digital_goods,81,518,0,2,0,0,1,1,1,1
TXN102837,242.19,product_not_received,electronics,11,14,0,1,0,1,0,1,1,1
TXN102838,80.47,product_not_received,electronics,106,863,0,2,1,1,0,1,1,1
TXN102839,1339.02,fraud,digital_goods,20,48,0,1,1,0,0,1,1,1
TXN102840,310.62,subscription_cancelled,general,82,320,0,1,1,0,0,1,0,1
TXN102841,76.51,product_not_received,digital_goods,53,2446,1,2,1,0,0,1,1,1
TXN102842,59.98,product_not_received,general,3,2139,1,3,1,0,0,1,1,1
TXN102843,50.35,product_not_received,digital_goods,94,1399,1,1,0,1,1,1,1,0
TXN102844,148.43,fraud,subscription,82,1936,2,1,1,1,0,1,1,1
TXN102845,153.22,duplicate_charge,subscription,106,1222,0,2,1,1,1,1,1,1
TXN102846,89.79,product_not_received,electronics,73,1503,0,3,0,0,1,1,1,1
TXN102847,43.8,fraud,electronics,90,2294,0,1,1,1,0,1,1,0
TXN102848,61.18,subscription_cancelled,general,108,196,2,2,0,0,0,1,1,0
TXN102849,245.65,product_not_received,general,117,879,1,1,1,0,0,1,1,1
TXN102850,123.11,product_not_received,electronics,67,297,1,5,0,0,1,1,1,0
TXN102851,67.47,product_not_received,travel,3,1987,0,2,1,1,0,1,1,1
TXN102852,167.6,subscription_cancelled,general,42,2056,1,2,1,1,0,1,1,1
TXN102853,192.02,product_not_received,general,74,1804,1,0,1,1,1,0,1,0
TXN102854,207.55,subscription_cancelled,apparel,14,1522,0,3,0,0,0,1,1,1
TXN102855,162.89,credit_not_processed,subscription,14,1192,0,0,0,1,1,1,1,0
TXN102856,144.6,duplicate_charge,travel,47,58,0,0,1,0,0,1,1,1
TXN102857,350.75,product_not_received,general,109,1936,0,1,1,1,0,1,1,1
TXN102858,63.45,subscription_cancelled,electronics,39,2234,1,4,1,0,1,1,0,1
TXN102859,130.34,product_unacceptable,travel,112,2414,0,0,0,1,0,1,1,1
TXN102860,25.85,product_not_received,electronics,96,854,0,2,1,0,0,1,0,1
TXN102861,117.28,product_unacceptable,digital_goods,37,501,0,1,1,0,0,1,1,1
TXN102862,176.52,product_not_received,electronics,28,1634,0,1,1,0,0,1,1,0
TXN102863,275.66,fraud,digital_goods,99,43,0,1,0,0,0,1,1,1
TXN102864,26.68,product_not_received,subscription,90,150,0,1,0,0,0,0,1,1
TXN102865,172.66,fraud,travel,76,2053,1,1,0,1,0,1,1,1
TXN102866,511.15,product_not_received,apparel,117,2392,0,0,1,0,0,1,0,1
TXN102867,218.86,product_unacceptable,digital_goods,12,1008,0,2,0,1,0,1,1,1
TXN102868,53.45,credit_not_processed,digital_goods,46,1269,0,1,1,0,0,1,1,1
TXN102869,117.46,fraud,subscription,72,1361,0,1,1,1,0,1,1,1
TXN102870,223.99,duplicate_charge,apparel,9,346,2,1,1,1,0,1,1,1
TXN102871,93.3,product_unacceptable,electronics,117,556,0,0,1,1,0,1,1,1
TXN102872,187.7,fraud,travel,69,746,0,0,1,0,0,0,1,1
TXN102873,179.71,product_not_received,subscription,37,2104,0,0,0,0,1,1,1,0
TXN102874,146.77,fraud,digital_goods,29,1095,1,1,0,0,0,1,1,0
TXN102875,48.38,fraud,apparel,1,1803,1,1,1,1,0,1,1,1
TXN102876,85.14,product_not_received,electronics,71,486,0,1,1,0,0,1,1,0
TXN102877,545.65,product_not_received,general,117,2383,1,1,1,0,0,1,1,1
TXN102878,111.4,product_unacceptable,subscription,5,2208,1,0,1,1,0,1,1,1
TXN102879,122.44,fraud,electronics,50,1188,0,0,0,1,0,1,1,1
TXN102880,121.94,fraud,electronics,79,563,0,1,0,0,0,1,1,0
TXN102881,270.96,fraud,electronics,52,2441,0,1,1,0,0,0,0,1
TXN102882,127.27,product_unacceptable,digital_goods,78,2020,0,1,1,1,0,1,1,1
TXN102883,149.32,product_not_received,subscription,85,1277,0,1,1,1,0,0,1,1
TXN102884,172.74,product_unacceptable,electronics,115,668,0,1,0,1,0,1,1,1
TXN102885,292.26,product_not_received,subscription,72,1553,0,0,1,0,0,1,1,1
TXN102886,149.85,fraud,electronics,85,925,1,1,1,1,0,1,1,1
TXN102887,162.35,credit_not_processed,subscription,36,1685,1,0,1,0,0,1,1,1
TXN102888,97.06,fraud,apparel,18,2081,0,3,1,0,0,1,1,1
TXN102889,190.88,fraud,general,12,1224,0,1,1,0,0,0,0,1
TXN102890,231.74,fraud,digital_goods,14,120,1,2,1,0,0,1,1,1
TXN102891,243.15,credit_not_processed,apparel,99,1406,1,2,0,0,0,1,1,0
TXN102892,490.78,duplicate_charge,apparel,5,2146,1,4,0,0,0,1,1,1
TXN102893,80.14,duplicate_charge,subscription,58,558,0,1,0,0,0,0,1,1
TXN102894,154.57,credit_not_processed,digital_goods,73,2398,0,3,1,0,0,1,1,1
TXN102895,127.92,fraud,digital_goods,81,905,0,1,1,1,1,0,0,1
TXN102896,433.12,credit_not_processed,subscription,8,1710,0,3,1,1,0,1,1,1
TXN102897,249.72,fraud,travel,103,1754,0,1,1,1,0,1,1,1
TXN102898,36.17,duplicate_charge,travel,53,455,0,2,0,1,0,1,1,1
TXN102899,90.43,product_not_received,digital_goods,3,97,0,3,1,1,0,1,1,1
TXN102900,116.27,product_not_received,electronics,16,2371,2,0,0,0,0,1,1,0
TXN102901,41.38,credit_not_processed,electronics,103,1751,1,0,0,1,0,1,1,1
TXN102902,163.43,fraud,electronics,113,1578,1,0,1,0,1,1,1,0
TXN102903,100.55,credit_not_processed,travel,90,759,2,0,0,0,1,1,1,0
TXN102904,505.05,product_not_received,travel,40,270,0,4,1,1,0,0,1,1
TXN102905,189.76,duplicate_charge,subscription,113,679,0,2,1,0,0,1,1,1
TXN102906,112.69,credit_not_processed,general,33,1369,0,4,1,0,0,1,1,1
TXN102907,67.13,fraud,apparel,28,1733,0,1,1,1,0,1,1,1
TXN102908,144.75,credit_not_processed,general,92,797,0,1,1,0,0,0,1,0
TXN102909,408.46,product_unacceptable,general,39,537,0,0,1,0,0,1,1,1
TXN102910,129.06,duplicate_charge,travel,62,623,0,0,1,1,1,1,1,1
TXN102911,145.72,fraud,travel,79,2404,1,5,1,1,0,1,0,1
TXN102912,320.25,product_unacceptable,apparel,20,1576,1,1,1,1,0,1,1,1
TXN102913,185.81,duplicate_charge,apparel,111,2476,0,1,1,0,0,1,1,1
TXN102914,267.19,product_unacceptable,electronics,20,15,0,2,1,1,0,1,1,1
TXN102915,199.5,fraud,travel,119,1145,1,0,1,1,0,1,1,1
TXN102916,191.57,product_not_received,digital_goods,34,1143,1,1,0,1,0,1,0,1
TXN102917,34.32,subscription_cancelled,apparel,50,1003,0,2,1,0,0,1,1,0
TXN102918,59.22,fraud,electronics,31,978,0,2,1,0,0,1,1,1
TXN102919,171.67,duplicate_charge,electronics,65,197,0,1,0,0,0,0,1,1
TXN102920,72.57,credit_not_processed,travel,1,80,0,2,1,1,0,1,1,1
TXN102921,144.87,fraud,subscription,21,1945,1,2,1,0,0,1,1,1
TXN102922,54.51,fraud,travel,62,1101,0,1,1,1,1,0,1,0
TXN102923,322.03,duplicate_charge,electronics,83,406,0,1,0,0,0,1,1,1
TXN102924,80.12,fraud,electronics,115,868,1,1,1,0,0,1,1,1
TXN102925,66.95,duplicate_charge,electronics,100,2332,0,3,1,0,1,1,1,1
TXN102926,44.09,duplicate_charge,subscription,110,1169,0,2,1,1,0,1,1,1
TXN102927,241.25,duplicate_charge,subscription,96,2476,1,2,1,1,0,0,1,1
TXN102928,144.72,product_not_received,apparel,93,403,1,3,1,0,1,1,1,1
TXN102929,314.02,duplicate_charge,electronics,42,306,0,0,1,0,0,0,1,1
TXN102930,97.6,duplicate_charge,apparel,108,1409,0,3,1,0,0,0,1,1
TXN102931,57.85,fraud,subscription,115,1707,0,2,0,0,0,1,1,0
TXN102932,139.84,product_unacceptable,electronics,62,2453,0,1,0,0,0,1,1,0
TXN102933,357.19,credit_not_processed,subscription,15,1164,0,3,0,0,1,1,1,1
TXN102934,33.51,duplicate_charge,digital_goods,6,500,0,2,1,0,0,1,1,1
TXN102935,182.77,product_unacceptable,electronics,59,1352,0,0,1,1,0,1,1,1
TXN102936,196.39,product_not_received,general,76,767,1,1,1,0,0,1,1,1
TXN102937,397.2,fraud,travel,66,448,0,0,0,0,1,1,1,1
TXN102938,75.26,product_not_received,subscription,107,221,0,0,1,0,0,0,1,1
TXN102939,31.38,fraud,electronics,64,1808,0,1,1,0,0,1,1,0
TXN102940,105.61,credit_not_processed,digital_goods,79,1606,0,2,1,0,0,1,1,1
TXN102941,264.55,product_not_received,travel,91,416,1,1,0,0,0,1,1,1
TXN102942,151.84,subscription_cancelled,travel,107,1397,0,0,0,0,0,1,1,1
TXN102943,211.43,fraud,electronics,73,2213,1,3,1,1,0,1,1,1
TXN102944,61.12,product_not_received,travel,67,2045,0,2,1,0,0,0,1,1
TXN102945,123.13,product_not_received,general,10,1134,0,2,0,1,0,0,1,1
TXN102946,156.09,product_not_received,subscription,77,143,0,0,1,0,0,1,1,1
TXN102947,38.43,subscription_cancelled,apparel,22,1587,1,2,1,1,0,1,1,1
TXN102948,155.4,credit_not_processed,general,44,1290,1,2,1,1,0,1,1,1
TXN102949,114.32,credit_not_processed,subscription,64,2304,1,4,0,0,0,1,1,1
TXN102950,782.33,fraud,electronics,10,1383,2,4,1,0,0,1,1,0
TXN102951,147.28,subscription_cancelled,electronics,83,1844,1,0,0,0,0,1,1,1
TXN102952,411.85,fraud,general,34,1321,0,0,1,0,0,0,1,1
TXN102953,210.3,credit_not_processed,apparel,62,1352,0,3,1,1,0,1,1,1
TXN102954,134.06,product_unacceptable,electronics,42,793,0,1,0,0,0,0,1,1
TXN102955,371.43,product_not_received,digital_goods,43,1006,0,0,0,1,0,1,1,1
TXN102956,53.48,fraud,travel,47,739,1,0,1,1,1,1,1,0
TXN102957,103.72,fraud,travel,7,1155,1,3,0,1,0,1,1,1
TXN102958,275.54,product_not_received,travel,24,2378,1,2,0,0,0,1,1,1
TXN102959,17.16,credit_not_processed,general,94,854,1,3,1,1,0,1,1,1
TXN102960,143.61,subscription_cancelled,subscription,15,1158,1,1,0,0,0,1,0,1
TXN102961,142.68,credit_not_processed,electronics,60,2365,1,0,1,1,0,1,1,1
TXN102962,178.45,fraud,electronics,17,378,0,0,1,0,0,1,1,1
TXN102963,124.18,duplicate_charge,electronics,65,632,0,1,0,0,1,1,1,0
TXN102964,267.83,product_not_received,digital_goods,77,1232,0,3,1,0,0,0,1,1
TXN102965,78.5,product_unacceptable,digital_goods,56,1023,0,0,0,0,0,1,1,0
TXN102966,294.1,product_not_received,general,92,852,0,1,1,0,0,1,1,1
TXN102967,59.54,product_not_received,digital_goods,32,1945,0,1,0,1,0,1,1,1
TXN102968,188.84,product_unacceptable,electronics,67,1247,1,1,1,0,1,1,1,0
TXN102969,341.96,fraud,general,33,910,0,1,1,1,1,1,1,1
TXN102970,72.8,product_unacceptable,apparel,61,1197,1,3,1,1,0,1,1,1
TXN102971,88.57,duplicate_charge,general,8,2216,1,0,0,1,0,1,1,1
TXN102972,301.2,fraud,subscription,33,2459,0,1,0,1,0,1,1,0
TXN102973,169.5,credit_not_processed,general,85,607,0,1,1,1,0,1,1,1
TXN102974,31.75,product_unacceptable,subscription,93,100,1,3,1,0,0,1,0,1
TXN102975,174.36,subscription_cancelled,electronics,33,78,1,3,1,0,0,1,1,1
TXN102976,236.97,duplicate_charge,travel,31,1113,1,2,0,0,0,1,1,1
TXN102977,309.77,duplicate_charge,digital_goods,36,1571,1,1,1,0,0,0,1,1
TXN102978,185.59,duplicate_charge,travel,34,128,2,3,0,1,0,1,1,1
TXN102979,215.3,credit_not_processed,subscription,119,1270,1,1,1,0,1,1,1,1
TXN102980,439.41,duplicate_charge,travel,78,999,0,1,1,1,0,1,0,1
TXN102981,281.18,product_not_received,apparel,46,2332,0,1,0,0,0,1,1,1
TXN102982,120.65,fraud,general,55,1508,1,2,1,1,0,1,1,1
TXN102983,133.13,duplicate_charge,travel,61,1057,0,0,1,0,0,1,0,1
TXN102984,332.53,fraud,general,66,1466,1,1,0,0,0,1,1,0
TXN102985,182.84,product_not_received,apparel,46,338,1,1,0,1,0,1,1,1
TXN102986,163.59,fraud,general,116,1187,0,3,1,0,0,1,1,0
TXN102987,117.71,product_unacceptable,apparel,35,824,1,1,1,1,0,0,1,1
TXN102988,323.95,fraud,digital_goods,51,452,0,3,0,0,1,1,1,0
TXN102989,76.48,duplicate_charge,general,1,983,0,4,0,1,1,0,1,1
TXN102990,103.91,subscription_cancelled,digital_goods,59,1597,1,2,1,1,0,1,1,1
TXN102991,323.25,subscription_cancelled,apparel,102,1457,2,2,1,1,0,1,1,1
TXN102992,320.57,product_not_received,general,119,2409,0,2,0,0,0,1,1,1
TXN102993,620.11,product_unacceptable,general,57,686,0,2,1,1,0,1,1,1
TXN102994,144.02,product_unacceptable,apparel,17,1749,0,1,1,0,0,1,1,1
TXN102995,119.14,product_unacceptable,apparel,86,1375,0,2,0,0,0,0,1,0
TXN102996,128.75,duplicate_charge,apparel,77,2184,0,2,1,1,0,1,0,1
TXN102997,35.63,fraud,electronics,115,2270,0,6,0,0,1,1,0,0
TXN102998,20.21,credit_not_processed,travel,61,1768,1,0,0,1,0,1,1,0
TXN102999,185.12,fraud,apparel,1,1059,0,1,1,0,0,1,1,1
TXN103000,112.13,subscription_cancelled,general,108,1333,0,0,0,0,0,1,1,1
TXN103001,81.1,duplicate_charge,apparel,81,1628,0,1,0,1,0,1,1,1
TXN103002,161.85,product_not_received,travel,96,2014,0,2,1,1,0,1,0,1
TXN103003,188.3,subscription_cancelled,travel,15,572,1,3,1,1,0,1,1,1
TXN103004,136.51,fraud,travel,55,2182,0,1,1,1,0,1,1,1
TXN103005,139.24,subscription_cancelled,electronics,55,2003,1,1,0,0,0,1,1,1
TXN103006,111.08,duplicate_charge,digital_goods,32,220,1,0,1,1,0,1,1,1
TXN103007,249.64,fraud,travel,101,674,3,2,1,0,0,1,1,0
TXN103008,98.21,fraud,digital_goods,23,589,0,2,1,0,0,1,1,1
TXN103009,67.2,subscription_cancelled,general,9,1449,1,4,0,1,0,1,1,1
TXN103010,107.38,product_not_received,travel,28,521,0,2,1,0,0,1,1,1
TXN103011,179.07,credit_not_processed,digital_goods,118,750,0,3,0,1,0,1,1,0
TXN103012,260.26,subscription_cancelled,electronics,14,472,0,2,1,0,0,0,0,1
TXN103013,497.3,duplicate_charge,apparel,70,168,0,1,0,0,1,1,1,1
TXN103014,162.45,product_not_received,digital_goods,22,1148,0,3,1,1,1,1,1,1
TXN103015,415.37,duplicate_charge,digital_goods,48,799,0,1,1,0,0,1,1,1
TXN103016,91.58,credit_not_processed,general,66,1261,0,2,1,0,1,1,1,1
TXN103017,78.74,fraud,subscription,3,530,0,2,1,0,1,1,1,0
TXN103018,208.4,product_not_received,electronics,29,715,0,1,1,1,0,1,1,1
TXN103019,230.81,product_not_received,travel,70,2231,1,1,0,0,0,0,1,0
TXN103020,174.74,product_not_received,digital_goods,2,2012,0,1,1,0,1,1,1,1
TXN103021,793.89,subscription_cancelled,electronics,59,665,1,2,0,0,0,0,1,1
TXN103022,95.83,product_unacceptable,travel,72,404,0,1,0,1,0,1,1,1
TXN103023,363.54,product_unacceptable,travel,26,2436,0,3,1,1,1,1,1,0
TXN103024,80.56,product_not_received,electronics,20,1702,0,2,1,1,1,1,1,1
TXN103025,243.86,fraud,digital_goods,59,1230,0,2,0,0,0,1,1,1
TXN103026,157.31,product_not_received,subscription,86,1748,0,2,0,0,0,1,1,1
TXN103027,183.61,subscription_cancelled,apparel,2,552,1,2,0,1,1,0,1,1
TXN103028,209.98,duplicate_charge,digital_goods,41,1070,0,0,1,0,0,1,1,1
TXN103029,161.65,product_not_received,electronics,119,978,0,0,1,0,0,1,0,0
TXN103030,138.85,subscription_cancelled,apparel,40,1802,0,3,1,1,1,1,1,1
TXN103031,28.45,fraud,general,40,458,0,0,1,0,0,1,1,0
TXN103032,288.99,product_not_received,travel,88,1222,1,0,1,0,0,1,1,1
TXN103033,50.79,product_not_received,apparel,58,2084,1,1,1,0,0,1,1,1
TXN103034,113.2,credit_not_processed,digital_goods,47,490,0,0,1,0,0,1,0,1
TXN103035,193.37,duplicate_charge,apparel,94,299,0,2,1,1,0,1,1,1
TXN103036,59.63,duplicate_charge,digital_goods,4,2053,0,5,1,0,0,1,1,1
TXN103037,138.73,fraud,electronics,85,2183,0,1,1,0,1,1,0,0
TXN103038,266.73,fraud,travel,46,1076,0,3,0,0,0,1,1,1
TXN103039,111.13,duplicate_charge,travel,106,114,0,2,1,0,0,1,1,1
TXN103040,140.52,product_not_received,travel,87,1351,0,1,1,1,0,0,1,1
TXN103041,70.58,credit_not_processed,digital_goods,113,749,0,2,1,1,0,1,1,1
TXN103042,121.81,subscription_cancelled,apparel,16,1468,0,2,1,0,0,1,1,1
TXN103043,52.09,product_unacceptable,apparel,23,349,0,2,1,0,1,1,1,1
TXN103044,177.19,subscription_cancelled,apparel,108,2012,0,1,0,0,0,1,1,1
TXN103045,41.61,credit_not_processed,digital_goods,47,1713,0,0,1,0,0,1,1,1
TXN103046,92.92,product_unacceptable,digital_goods,98,1613,0,1,1,1,0,1,1,1
TXN103047,158.33,duplicate_charge,subscription,82,1280,0,1,1,1,0,1,1,1
TXN103048,131.74,credit_not_processed,electronics,60,550,1,0,1,0,0,1,1,0
TXN103049,201.15,product_not_received,apparel,6,2348,0,2,1,1,0,1,1,1
TXN103050,140.86,credit_not_processed,general,9,664,0,2,1,1,0,1,1,1
TXN103051,28.35,fraud,general,86,915,0,0,1,1,0,1,1,1
TXN103052,58.74,duplicate_charge,general,12,2315,0,1,1,1,0,0,1,1
TXN103053,152.76,subscription_cancelled,apparel,1,101,0,3,1,1,0,1,0,1
TXN103054,316.23,duplicate_charge,electronics,27,312,0,2,0,0,0,1,1,1
TXN103055,278.82,product_unacceptable,apparel,109,1904,2,1,1,0,0,1,1,1
TXN103056,780.21,duplicate_charge,electronics,75,919,0,1,1,1,0,1,1,1
TXN103057,101.66,fraud,general,86,1448,1,0,1,0,1,0,1,1
TXN103058,260.56,fraud,general,78,1451,2,0,1,1,0,1,1,0
TXN103059,247.94,product_not_received,subscription,68,2068,0,1,0,0,0,0,0,0
TXN103060,425.8,duplicate_charge,subscription,31,1550,0,2,0,0,0,0,0,1
TXN103061,351.32,product_unacceptable,digital_goods,52,1065,1,1,0,1,0,1,1,1
TXN103062,186.83,product_not_received,digital_goods,65,1373,1,1,1,0,0,1,1,1
TXN103063,231.78,credit_not_processed,general,118,1845,1,1,1,0,0,1,1,1
TXN103064,201.68,product_not_received,subscription,108,947,0,1,1,0,0,1,0,1
TXN103065,148.48,product_unacceptable,travel,88,427,0,0,0,1,0,1,1,0
TXN103066,220.22,product_not_received,general,97,1215,0,1,0,0,0,1,0,1
TXN103067,173.17,fraud,digital_goods,97,2498,1,3,1,1,0,1,1,1
TXN103068,167.85,subscription_cancelled,digital_goods,80,280,0,0,0,0,0,1,1,1
TXN103069,439.04,product_unacceptable,general,99,434,1,2,1,1,0,1,1,1
TXN103070,189.45,fraud,digital_goods,9,2487,0,0,1,0,0,1,1,1
TXN103071,162.48,credit_not_processed,subscription,3,2074,1,1,1,1,0,1,1,0
TXN103072,134.8,subscription_cancelled,digital_goods,53,292,1,1,1,0,0,1,1,1
TXN103073,126.07,subscription_cancelled,apparel,7,531,0,3,1,0,0,0,1,1
TXN103074,57.22,credit_not_processed,apparel,41,1727,0,2,0,0,0,1,1,1
TXN103075,148.59,credit_not_processed,travel,24,1956,0,1,1,1,0,1,1,1
TXN103076,327.23,product_not_received,digital_goods,114,1834,0,3,0,1,0,1,1,1
TXN103077,99.3,duplicate_charge,digital_goods,78,2153,1,0,1,0,0,0,1,1
TXN103078,18.09,duplicate_charge,subscription,5,1266,0,2,1,0,0,1,1,1
TXN103079,214.4,product_not_received,electronics,75,2191,0,1,1,1,0,1,1,1
TXN103080,177.91,product_not_received,electronics,88,1490,0,0,1,1,0,1,0,1
TXN103081,433.88,fraud,general,39,1189,0,1,1,1,1,1,0,0
TXN103082,90.79,duplicate_charge,travel,106,1591,1,0,1,0,0,1,1,1
TXN103083,51.47,subscription_cancelled,travel,116,1072,0,0,0,0,1,1,1,0
TXN103084,129.51,subscription_cancelled,electronics,117,1515,0,1,1,0,0,1,1,1
TXN103085,114.28,product_not_received,travel,12,2084,0,1,1,0,0,1,0,1
TXN103086,35.17,fraud,digital_goods,54,2395,0,1,1,1,0,1,1,1
TXN103087,163.6,product_unacceptable,travel,93,1448,1,4,1,0,0,1,0,1
TXN103088,106.98,product_unacceptable,electronics,53,14,1,0,1,0,0,1,1,1
TXN103089,381.52,credit_not_processed,travel,58,1553,1,1,1,0,0,1,1,0
TXN103090,165.57,credit_not_processed,travel,40,629,1,1,1,0,0,1,0,1
TXN103091,81.69,credit_not_processed,apparel,50,590,0,1,1,1,0,1,1,1
TXN103092,150.63,subscription_cancelled,electronics,83,2203,1,2,1,1,0,1,0,1
TXN103093,175.44,credit_not_processed,general,4,1115,0,0,1,1,0,0,1,1
TXN103094,229.18,product_unacceptable,subscription,96,1976,0,0,0,0,0,0,1,0
TXN103095,156.16,fraud,travel,87,923,0,1,0,1,0,1,1,1
TXN103096,549.02,fraud,subscription,17,1517,1,4,0,1,0,1,1,1
TXN103097,55.59,product_not_received,subscription,92,1663,0,2,0,1,0,1,1,1
TXN103098,105.58,product_not_received,electronics,63,2233,0,2,0,0,0,0,1,0
TXN103099,81.98,fraud,digital_goods,38,491,0,1,1,0,0,1,1,1
TXN103100,118.43,credit_not_processed,general,55,1403,2,0,0,1,0,1,1,1
TXN103101,191.01,fraud,apparel,62,1014,0,1,0,1,0,1,1,0
TXN103102,181.57,credit_not_processed,general,26,1159,0,1,1,0,0,1,0,1
TXN103103,225.32,subscription_cancelled,electronics,73,2121,0,1,1,1,0,1,1,1
TXN103104,164.84,duplicate_charge,apparel,75,339,0,2,0,1,0,1,1,1
TXN103105,172.12,duplicate_charge,digital_goods,44,1366,1,1,1,1,0,1,1,1
TXN103106,167.27,product_not_received,travel,55,969,0,2,1,0,0,0,1,1
TXN103107,109.89,duplicate_charge,apparel,74,2240,0,0,1,1,1,1,0,1
TXN103108,103.58,fraud,apparel,60,541,0,0,1,1,0,0,1,1
TXN103109,80.62,credit_not_processed,travel,52,581,0,1,1,0,0,1,1,1
TXN103110,233.63,product_not_received,apparel,114,227,0,2,1,1,0,0,1,1
TXN103111,21.74,product_not_received,general,105,1099,0,2,1,0,0,1,1,1
TXN103112,169.4,duplicate_charge,general,46,27,0,2,0,0,0,1,1,1
TXN103113,263.98,duplicate_charge,apparel,86,1251,0,1,0,1,0,1,1,1
TXN103114,312.2,product_unacceptable,travel,97,558,1,1,1,0,0,0,1,1
TXN103115,15.66,duplicate_charge,apparel,14,1001,0,1,1,0,0,0,1,1
TXN103116,112.58,fraud,digital_goods,71,1512,1,1,0,1,0,1,1,0
TXN103117,84.57,duplicate_charge,subscription,96,1711,0,2,0,1,0,0,1,1
TXN103118,105.39,product_not_received,apparel,7,153,1,2,1,1,0,0,1,1
TXN103119,356.66,product_not_received,electronics,41,371,1,2,1,0,0,1,1,1
TXN103120,85.02,fraud,apparel,95,794,1,3,1,1,0,1,1,1
TXN103121,263.55,product_not_received,general,112,1298,0,3,0,0,0,1,1,1
TXN103122,171.11,product_not_received,apparel,119,2208,1,1,0,0,0,1,1,1
TXN103123,101.86,product_unacceptable,digital_goods,72,346,0,0,0,0,0,1,1,0
TXN103124,93.85,fraud,travel,6,169,0,2,1,0,0,1,1,1
TXN103125,184.04,fraud,electronics,4,1572,0,3,1,1,0,1,1,1
TXN103126,144.68,product_unacceptable,apparel,97,2447,0,3,1,0,0,1,1,1
TXN103127,32.88,fraud,apparel,88,2075,0,2,1,1,0,1,1,1
TXN103128,69.43,duplicate_charge,general,24,1413,0,1,0,1,0,1,1,1
TXN103129,187.42,credit_not_processed,general,16,49,2,0,0,0,1,0,1,0
TXN103130,53.39,product_not_received,subscription,18,1440,0,2,0,1,0,1,1,1
TXN103131,289.31,credit_not_processed,apparel,105,1142,0,1,1,1,1,1,1,1
TXN103132,40.63,fraud,travel,91,1117,0,5,1,0,0,1,1,1
TXN103133,124.28,fraud,travel,113,1231,0,3,1,0,1,1,1,0
TXN103134,238.61,subscription_cancelled,general,14,1403,0,0,0,1,0,1,1,1
TXN103135,64.84,subscription_cancelled,electronics,83,1800,1,1,1,0,1,1,1,1
TXN103136,50.24,subscription_cancelled,subscription,110,480,0,2,0,1,0,1,0,1
TXN103137,209.59,fraud,apparel,64,186,0,3,0,0,0,1,1,1
TXN103138,269.27,subscription_cancelled,travel,93,128,0,0,0,0,1,1,1,0
TXN103139,131.11,product_not_received,general,72,1015,0,2,0,0,1,1,1,0
TXN103140,110.21,product_not_received,electronics,1,1269,0,2,0,0,0,1,1,1
TXN103141,39.19,fraud,electronics,52,1963,1,1,0,1,0,1,1,1
TXN103142,160.12,credit_not_processed,subscription,32,1083,0,4,1,1,1,0,1,0
TXN103143,28.17,fraud,electronics,10,1330,2,4,1,0,0,1,1,1
TXN103144,359.96,subscription_cancelled,subscription,71,2441,0,0,1,1,0,1,1,1
TXN103145,135.96,duplicate_charge,travel,111,1874,0,0,1,0,0,1,1,1
TXN103146,70.64,subscription_cancelled,digital_goods,7,1727,0,2,1,1,0,0,1,1
TXN103147,93.13,duplicate_charge,general,40,910,2,0,1,0,0,0,1,1
TXN103148,169.14,subscription_cancelled,general,80,380,0,1,0,0,0,1,1,0
TXN103149,105.89,fraud,apparel,38,2300,0,1,1,1,0,1,1,1
TXN103150,149.47,fraud,electronics,14,1383,0,0,1,1,0,1,1,1
TXN103151,62.36,duplicate_charge,electronics,23,193,0,0,1,0,0,1,1,1
TXN103152,316.36,product_not_received,electronics,3,1205,0,4,1,0,0,1,1,1
TXN103153,94.72,fraud,general,119,227,0,2,0,1,0,1,1,1
TXN103154,20.63,fraud,travel,59,2453,0,2,0,0,0,1,1,1
TXN103155,113.13,product_not_received,subscription,113,1321,1,0,1,1,0,1,1,1
TXN103156,83.49,fraud,apparel,82,1962,0,1,1,0,0,1,1,1
TXN103157,302.39,fraud,general,42,1177,1,2,1,0,0,0,1,1
TXN103158,70.94,credit_not_processed,subscription,113,49,0,0,0,0,0,0,1,1
TXN103159,104.74,product_not_received,subscription,31,1596,1,4,0,0,0,1,1,1
TXN103160,172.55,credit_not_processed,digital_goods,22,1632,0,0,1,1,0,0,1,1
TXN103161,226.33,credit_not_processed,subscription,96,572,0,2,1,1,0,1,1,1
TXN103162,375.83,fraud,travel,66,1791,0,0,0,0,0,1,1,0
TXN103163,75.91,duplicate_charge,digital_goods,51,565,0,0,1,0,0,1,0,1
TXN103164,348.49,duplicate_charge,travel,70,1728,1,2,1,0,1,1,1,0
TXN103165,294.59,duplicate_charge,apparel,116,1872,0,0,0,1,0,1,1,1
TXN103166,82.47,fraud,general,34,343,1,1,0,0,0,1,1,1
TXN103167,74.64,fraud,subscription,108,729,0,1,0,0,0,1,0,1
TXN103168,199.68,fraud,subscription,109,408,0,1,1,1,0,1,1,1
TXN103169,146.85,duplicate_charge,subscription,91,1818,0,3,0,1,0,0,1,1
TXN103170,199.31,credit_not_processed,digital_goods,19,588,2,1,1,1,0,1,0,1
TXN103171,115.92,duplicate_charge,general,11,1601,0,0,1,0,0,0,1,1
TXN103172,157.86,duplicate_charge,apparel,15,1043,0,0,0,0,0,1,1,1
TXN103173,136.61,credit_not_processed,travel,84,208,1,0,0,0,0,1,1,1
TXN103174,197.41,duplicate_charge,electronics,48,2206,1,5,0,1,0,1,1,1
TXN103175,72.52,fraud,apparel,118,1777,0,1,1,0,0,1,1,0
TXN103176,166.8,credit_not_processed,travel,1,654,2,2,1,0,0,0,0,1
TXN103177,370.79,product_not_received,digital_goods,45,2198,0,3,1,0,0,1,1,1
TXN103178,356.81,fraud,general,32,1772,1,1,1,0,0,1,0,1
TXN103179,180.94,product_unacceptable,travel,105,2041,0,1,1,0,0,1,1,0
TXN103180,71.28,credit_not_processed,digital_goods,15,445,0,0,1,1,0,1,1,1
TXN103181,490.55,product_not_received,digital_goods,49,22,1,1,0,0,0,1,1,0
TXN103182,197.45,product_unacceptable,travel,104,154,0,2,1,1,0,1,1,1
TXN103183,459.29,fraud,subscription,116,1349,0,2,1,1,1,1,1,1
TXN103184,203.22,fraud,apparel,110,1966,1,1,1,0,0,1,1,1
TXN103185,14.01,fraud,travel,78,2283,0,0,1,0,0,0,1,0
TXN103186,488.48,subscription_cancelled,travel,20,2402,0,2,1,1,0,1,1,1
TXN103187,266.91,credit_not_processed,electronics,12,1496,0,0,1,0,0,0,1,1
TXN103188,153.53,fraud,general,49,1578,1,3,1,0,0,0,1,0
TXN103189,30.9,product_not_received,travel,58,725,1,1,1,0,1,0,1,0
TXN103190,286.99,fraud,apparel,62,2,0,4,0,0,0,1,1,0
TXN103191,201.86,fraud,travel,6,486,0,2,0,1,1,1,1,0
TXN103192,581.03,product_unacceptable,subscription,81,138,0,1,1,1,0,0,0,0
TXN103193,429.54,duplicate_charge,general,48,1712,1,1,1,0,0,1,1,1
TXN103194,450.51,duplicate_charge,electronics,13,1257,0,1,1,0,0,1,1,1
TXN103195,177.49,product_not_received,digital_goods,109,1928,0,1,0,0,0,0,1,0
TXN103196,171.8,product_unacceptable,apparel,43,370,1,2,1,0,1,0,1,1
TXN103197,203.46,fraud,travel,28,2281,1,4,0,1,0,1,1,1
TXN103198,89.83,fraud,travel,59,1798,0,1,1,1,0,1,1,1
TXN103199,156.88,credit_not_processed,digital_goods,114,2264,0,0,1,1,0,1,1,1
TXN103200,134.42,subscription_cancelled,general,99,1621,0,1,1,0,0,0,1,1
TXN103201,341.82,credit_not_processed,travel,12,848,1,2,1,0,0,0,1,1
TXN103202,389.19,credit_not_processed,digital_goods,82,1565,1,1,1,1,1,1,1,1
TXN103203,243.66,duplicate_charge,electronics,80,1509,1,1,1,0,0,1,0,1
TXN103204,78.16,credit_not_processed,apparel,106,452,0,0,1,0,1,1,1,0
TXN103205,509.12,product_not_received,general,115,253,1,1,0,1,0,1,1,1
TXN103206,285.98,fraud,digital_goods,89,1625,0,0,0,1,0,1,1,1
TXN103207,193.58,fraud,general,78,236,0,1,1,0,0,0,0,1
TXN103208,228.0,fraud,travel,43,250,0,3,0,1,0,1,1,0
TXN103209,46.36,fraud,travel,107,178,0,2,1,0,1,1,1,0
TXN103210,134.61,product_not_received,digital_goods,113,1555,0,3,1,0,0,1,1,1
TXN103211,361.58,duplicate_charge,travel,118,2317,0,3,0,0,0,1,1,1
TXN103212,44.3,subscription_cancelled,electronics,114,1242,0,0,0,0,1,1,1,0
TXN103213,43.09,duplicate_charge,electronics,77,381,1,3,0,0,0,1,1,1
TXN103214,287.21,fraud,digital_goods,114,1281,0,1,0,1,0,0,1,1
TXN103215,216.9,subscription_cancelled,travel,94,1205,3,3,1,0,0,0,0,1
TXN103216,44.79,product_not_received,travel,29,1483,0,0,1,0,0,1,1,1
TXN103217,125.55,fraud,digital_goods,4,1082,0,0,1,1,0,0,1,1
TXN103218,193.58,product_not_received,apparel,117,1330,1,1,1,0,0,1,0,0
TXN103219,177.54,product_not_received,subscription,51,811,1,2,1,1,0,0,1,1
TXN103220,204.58,product_not_received,travel,104,2265,1,2,1,1,0,1,1,1
TXN103221,118.49,subscription_cancelled,electronics,35,1344,2,3,1,0,0,1,1,1
TXN103222,184.13,subscription_cancelled,digital_goods,43,776,1,1,1,0,0,1,1,1
TXN103223,243.36,duplicate_charge,subscription,99,6,0,1,0,0,0,1,1,1
TXN103224,230.54,fraud,subscription,63,1696,1,2,0,1,0,0,1,0
TXN103225,121.22,subscription_cancelled,apparel,81,950,0,2,0,0,0,1,1,1
TXN103226,259.21,duplicate_charge,general,39,622,1,2,1,1,0,1,1,1
TXN103227,70.9,fraud,travel,74,1198,0,0,1,0,0,1,1,0
TXN103228,93.11,duplicate_charge,digital_goods,58,1212,0,1,1,0,1,1,1,1
TXN103229,286.94,product_unacceptable,travel,111,2008,0,1,0,0,0,1,1,1
TXN103230,255.51,product_not_received,general,59,1356,0,6,1,0,0,1,1,1
TXN103231,129.67,fraud,apparel,11,1752,0,1,0,0,0,1,1,0
TXN103232,91.6,product_unacceptable,electronics,88,1617,1,0,1,1,0,1,1,1
TXN103233,101.64,fraud,digital_goods,114,2124,0,1,1,0,0,1,1,0
TXN103234,236.06,fraud,electronics,106,15,0,1,1,0,0,1,1,0
TXN103235,206.2,fraud,general,12,940,0,1,1,1,0,0,1,1
TXN103236,87.05,credit_not_processed,general,119,1788,0,1,0,0,1,1,1,0
TXN103237,254.3,product_not_received,travel,42,352,0,1,1,0,0,1,1,1
TXN103238,125.39,product_not_received,general,100,1104,0,1,1,0,0,1,1,1
TXN103239,72.9,product_not_received,electronics,76,1002,0,1,1,0,1,1,1,1
TXN103240,109.99,credit_not_processed,travel,116,2014,0,5,0,0,1,0,1,0
TXN103241,165.7,product_unacceptable,digital_goods,41,2407,0,0,1,1,0,1,1,1
TXN103242,248.2,credit_not_processed,apparel,73,265,0,0,1,0,0,0,1,1
TXN103243,237.32,product_not_received,apparel,82,535,0,2,1,0,0,0,1,1
TXN103244,143.92,fraud,travel,19,1935,0,2,0,0,0,1,1,1
TXN103245,180.04,product_unacceptable,travel,93,436,0,0,1,1,0,0,1,0
TXN103246,134.79,product_not_received,electronics,18,1242,1,1,1,0,0,1,1,1
TXN103247,87.18,subscription_cancelled,travel,99,2360,0,1,0,1,0,1,1,1
TXN103248,147.94,credit_not_processed,general,16,2438,0,1,1,0,0,1,1,0
TXN103249,30.67,product_unacceptable,electronics,22,2374,0,1,0,1,0,1,1,1
TXN103250,394.12,credit_not_processed,general,59,336,0,1,0,1,0,1,1,1
TXN103251,176.72,product_unacceptable,travel,22,373,0,2,1,0,0,1,1,1
TXN103252,211.88,product_not_received,digital_goods,10,440,0,2,0,1,0,1,1,1
TXN103253,90.25,product_unacceptable,subscription,7,1923,0,1,0,1,0,1,1,0
TXN103254,175.65,fraud,travel,35,447,0,1,1,0,0,1,1,1
TXN103255,196.96,subscription_cancelled,subscription,59,1074,1,1,1,0,0,1,1,0
TXN103256,130.04,fraud,electronics,6,2045,0,2,0,1,0,1,1,1
TXN103257,135.3,product_not_received,electronics,17,1230,1,1,0,1,0,1,0,1
TXN103258,52.87,product_unacceptable,travel,73,2351,0,3,0,1,0,1,1,1
TXN103259,478.82,fraud,apparel,38,1246,0,2,0,1,0,1,1,0
TXN103260,89.21,fraud,apparel,91,949,1,3,1,0,0,1,1,1
TXN103261,98.52,duplicate_charge,digital_goods,101,2420,1,1,1,1,0,1,1,1
TXN103262,410.69,fraud,subscription,4,1367,0,1,1,0,0,1,1,1
TXN103263,218.76,product_unacceptable,apparel,113,461,0,0,1,1,0,1,1,1
TXN103264,249.58,product_not_received,general,82,1586,0,1,1,0,0,1,1,1
TXN103265,49.93,product_not_received,digital_goods,98,1932,1,0,1,1,1,1,1,1
TXN103266,174.11,fraud,electronics,57,2096,0,3,1,1,0,1,1,1
TXN103267,50.45,subscription_cancelled,electronics,1,14,0,0,1,0,0,1,1,1
TXN103268,79.09,credit_not_processed,general,106,270,1,2,1,1,0,1,1,1
TXN103269,523.96,fraud,electronics,68,1571,0,0,1,1,0,1,1,1
TXN103270,67.71,credit_not_processed,digital_goods,5,1854,0,1,1,0,0,1,1,1
TXN103271,241.62,duplicate_charge,subscription,20,1631,0,1,0,0,0,1,1,1
TXN103272,73.11,duplicate_charge,travel,25,957,0,5,1,0,0,1,1,1
TXN103273,80.55,duplicate_charge,apparel,45,1884,0,5,1,0,0,1,1,1
TXN103274,733.02,duplicate_charge,electronics,53,1447,1,2,1,1,0,1,1,1
TXN103275,144.45,subscription_cancelled,subscription,51,2314,0,0,1,0,0,1,0,1
TXN103276,46.79,product_unacceptable,digital_goods,104,919,0,1,0,1,0,0,1,0
TXN103277,248.59,product_unacceptable,electronics,113,1884,0,0,1,0,0,1,1,1
TXN103278,344.75,product_not_received,apparel,81,359,0,1,1,0,0,1,1,1
TXN103279,264.23,fraud,travel,76,1830,1,3,0,1,0,1,1,1
TXN103280,135.35,duplicate_charge,apparel,103,1829,0,2,1,0,0,1,1,1
TXN103281,138.72,fraud,digital_goods,32,634,0,2,1,1,0,1,1,0
TXN103282,103.37,product_not_received,electronics,67,154,0,2,0,0,0,1,1,1
TXN103283,61.09,fraud,subscription,77,2482,2,4,0,1,0,0,1,1
TXN103284,194.38,fraud,travel,34,191,2,2,1,1,0,1,1,1
TXN103285,130.45,duplicate_charge,subscription,114,1171,0,0,1,1,0,1,1,1
TXN103286,51.12,duplicate_charge,electronics,29,2,1,1,0,1,0,0,0,1
TXN103287,147.07,product_not_received,digital_goods,8,1043,0,2,0,0,0,0,1,1
TXN103288,89.64,fraud,apparel,39,2052,1,2,1,1,0,1,1,1
TXN103289,187.3,product_not_received,travel,98,1254,0,1,0,0,0,1,1,1
TXN103290,174.51,product_not_received,subscription,45,599,0,2,1,1,0,1,1,1
TXN103291,117.15,subscription_cancelled,apparel,26,985,0,1,1,0,0,1,1,0
TXN103292,152.18,product_unacceptable,subscription,104,230,0,1,1,0,0,1,1,1
TXN103293,161.77,product_unacceptable,travel,19,1484,0,2,1,0,0,1,1,1
TXN103294,286.88,product_unacceptable,subscription,19,10,0,0,0,0,0,1,1,0
TXN103295,148.19,credit_not_processed,electronics,107,874,0,2,1,0,0,1,1,1
TXN103296,105.3,subscription_cancelled,general,39,151,0,2,0,0,0,1,1,1
TXN103297,126.06,product_unacceptable,digital_goods,1,599,0,3,0,0,0,1,1,0
TXN103298,455.63,product_unacceptable,apparel,52,168,0,2,1,0,0,1,1,1
TXN103299,75.28,fraud,apparel,89,2319,0,1,1,0,0,1,1,1
TXN103300,132.26,credit_not_processed,general,91,1930,0,1,0,1,0,1,0,0
TXN103301,130.8,product_not_received,general,11,2319,0,2,0,1,0,1,1,1
TXN103302,134.92,product_not_received,electronics,34,1707,1,3,0,0,1,0,1,0
TXN103303,59.31,credit_not_processed,digital_goods,74,1240,0,0,1,0,0,1,1,1
TXN103304,125.55,duplicate_charge,subscription,79,435,0,1,0,0,1,1,1,0
TXN103305,101.24,fraud,travel,74,2405,0,0,1,1,0,1,1,1
TXN103306,186.7,fraud,apparel,41,2293,0,0,1,1,0,1,1,1
TXN103307,314.64,fraud,digital_goods,103,1039,1,0,1,0,0,0,1,0
TXN103308,196.95,duplicate_charge,digital_goods,10,564,1,3,1,0,1,1,1,1
TXN103309,166.06,fraud,apparel,98,968,2,0,1,0,0,1,1,0
TXN103310,210.53,credit_not_processed,general,112,985,0,3,0,0,0,1,0,0
TXN103311,177.06,credit_not_processed,apparel,82,2292,0,1,0,0,0,1,0,0
TXN103312,151.29,product_unacceptable,subscription,52,167,0,4,1,1,0,1,1,1
TXN103313,279.68,duplicate_charge,general,46,1582,0,0,1,0,0,1,1,1
TXN103314,123.01,product_not_received,subscription,52,1921,0,2,0,0,0,1,1,1
TXN103315,58.63,fraud,subscription,20,1906,1,0,1,1,0,1,1,1
TXN103316,98.66,subscription_cancelled,electronics,27,483,1,0,1,1,0,1,1,1
TXN103317,88.88,fraud,electronics,76,1031,0,0,1,0,0,1,1,1
TXN103318,536.19,fraud,subscription,66,855,1,1,0,1,0,1,1,1
TXN103319,326.89,product_not_received,subscription,60,1017,1,3,1,0,0,1,0,1
TXN103320,167.49,fraud,subscription,57,217,0,0,1,0,0,1,1,1
TXN103321,90.68,product_not_received,digital_goods,10,208,0,0,1,0,0,1,0,0
TXN103322,277.81,duplicate_charge,travel,104,60,0,0,0,0,0,1,1,0
TXN103323,162.97,subscription_cancelled,electronics,114,2416,0,1,0,0,0,1,1,0
TXN103324,123.21,duplicate_charge,apparel,30,1041,2,0,1,1,0,1,1,1
TXN103325,163.91,subscription_cancelled,travel,38,569,1,2,1,1,0,1,1,1
TXN103326,125.69,product_not_received,electronics,76,1994,0,0,1,0,0,1,1,1
TXN103327,208.84,subscription_cancelled,electronics,1,1235,0,2,0,0,1,1,1,1
TXN103328,54.23,product_unacceptable,electronics,13,911,1,1,1,0,1,1,1,1
TXN103329,207.84,product_not_received,apparel,108,286,0,2,1,0,0,0,1,1
TXN103330,125.57,credit_not_processed,general,21,965,0,1,1,1,0,0,0,1
TXN103331,281.92,product_not_received,subscription,69,1617,0,3,0,0,0,0,1,0
TXN103332,331.91,fraud,general,105,1558,0,2,0,1,1,1,1,0
TXN103333,379.34,product_not_received,apparel,88,977,0,1,1,0,0,1,1,1
TXN103334,561.89,product_not_received,travel,33,1532,0,0,1,1,0,1,1,1
TXN103335,370.86,product_not_received,general,19,1919,1,0,1,0,0,1,1,1
TXN103336,276.07,product_unacceptable,digital_goods,86,2325,1,0,0,0,0,1,1,0
TXN103337,60.81,credit_not_processed,travel,49,1320,0,5,0,0,0,1,1,1
TXN103338,18.41,product_not_received,subscription,116,569,0,4,1,1,0,1,1,1
TXN103339,301.35,product_unacceptable,subscription,77,323,0,2,1,0,0,1,0,1
TXN103340,78.76,product_not_received,general,2,394,1,1,1,0,1,1,1,1
TXN103341,815.65,subscription_cancelled,travel,30,26,0,0,1,0,0,1,1,0
TXN103342,42.21,fraud,travel,89,1395,2,1,1,0,0,1,1,1
TXN103343,268.29,fraud,general,84,531,0,1,0,0,1,1,1,0
TXN103344,176.69,product_unacceptable,subscription,89,565,0,0,1,0,0,1,1,0
TXN103345,46.63,duplicate_charge,digital_goods,28,1810,0,1,1,1,1,0,0,1
TXN103346,175.92,subscription_cancelled,travel,30,799,1,0,1,1,0,1,1,1
TXN103347,86.82,duplicate_charge,travel,25,2071,0,0,1,0,0,1,1,1
TXN103348,144.81,subscription_cancelled,apparel,83,342,0,1,1,0,0,1,1,0
TXN103349,146.29,product_not_received,travel,2,853,0,1,1,0,1,0,1,1
TXN103350,87.81,fraud,travel,97,128,0,0,0,1,0,0,1,0
TXN103351,117.49,fraud,general,34,1339,0,0,1,0,0,1,1,1
TXN103352,81.28,fraud,travel,59,312,1,0,1,0,1,1,1,1
TXN103353,31.84,product_not_received,electronics,30,600,1,2,0,1,0,0,1,1
TXN103354,165.7,product_unacceptable,general,51,1838,0,1,0,0,0,1,1,0
TXN103355,369.62,product_not_received,travel,91,2201,1,4,0,0,0,1,1,1
TXN103356,85.16,product_unacceptable,apparel,24,1363,0,2,1,0,0,0,1,1
TXN103357,493.42,product_unacceptable,subscription,68,2413,2,1,1,0,0,0,1,0
TXN103358,560.32,duplicate_charge,digital_goods,7,1891,0,2,0,0,0,0,1,1
TXN103359,110.08,duplicate_charge,digital_goods,22,1882,0,0,0,1,0,1,1,1
TXN103360,130.52,product_not_received,general,82,2476,0,1,1,0,0,1,1,1
TXN103361,111.74,product_not_received,general,68,222,0,0,1,1,0,0,1,1
TXN103362,61.59,duplicate_charge,travel,73,580,0,1,0,0,0,1,1,1
TXN103363,130.99,duplicate_charge,digital_goods,27,1092,1,0,1,1,0,1,1,1
TXN103364,120.29,product_not_received,general,25,1545,0,1,0,1,0,1,1,1
TXN103365,163.67,product_not_received,apparel,51,2476,1,0,0,1,0,1,1,1
TXN103366,170.08,duplicate_charge,subscription,16,247,0,2,0,1,0,1,1,1
TXN103367,57.74,duplicate_charge,travel,106,573,0,4,0,0,0,1,1,1
TXN103368,232.88,fraud,general,32,745,0,0,0,1,0,0,1,1
TXN103369,129.84,product_unacceptable,digital_goods,86,1676,0,1,0,1,0,1,1,1
TXN103370,67.52,credit_not_processed,subscription,19,2379,0,0,0,0,0,1,1,1
TXN103371,127.66,fraud,electronics,78,2346,0,1,1,0,0,1,1,1
TXN103372,174.78,subscription_cancelled,subscription,25,1869,2,1,1,1,1,1,1,0
TXN103373,415.45,fraud,electronics,34,1933,0,2,0,1,0,0,1,1
TXN103374,372.54,product_unacceptable,travel,50,1038,0,4,1,0,0,1,0,1
TXN103375,103.09,product_not_received,apparel,15,1522,3,1,0,1,0,1,1,0
TXN103376,136.49,fraud,general,15,427,0,1,1,1,0,0,1,1
TXN103377,79.36,credit_not_processed,subscription,90,1266,0,3,0,0,0,1,1,1
TXN103378,195.15,product_unacceptable,electronics,42,731,0,2,0,0,0,1,1,1
TXN103379,107.48,credit_not_processed,general,68,2322,0,1,1,0,0,1,1,1
TXN103380,133.09,product_not_received,apparel,77,918,0,1,0,0,0,1,1,0
TXN103381,308.5,credit_not_processed,travel,75,986,0,1,0,0,0,1,1,1
TXN103382,57.54,credit_not_processed,electronics,75,1006,0,1,0,1,1,1,1,0
TXN103383,373.1,product_unacceptable,electronics,117,2253,1,0,1,1,1,1,1,0
TXN103384,208.73,fraud,apparel,76,2331,1,0,0,1,0,0,1,0
TXN103385,361.64,duplicate_charge,travel,42,1077,1,2,0,0,0,1,1,1
TXN103386,257.79,product_unacceptable,travel,34,2489,0,0,1,0,0,1,1,1
TXN103387,290.17,credit_not_processed,general,96,1891,0,1,0,0,0,1,1,1
TXN103388,157.85,product_not_received,electronics,51,2116,0,1,0,1,0,1,1,1
TXN103389,66.07,product_not_received,subscription,67,2289,2,2,1,0,1,1,1,0
TXN103390,97.16,fraud,electronics,97,831,0,1,0,0,1,1,1,0
TXN103391,83.12,duplicate_charge,apparel,28,1376,0,0,1,1,0,1,1,1
TXN103392,25.26,credit_not_processed,apparel,27,712,0,1,0,0,0,0,1,1
TXN103393,308.13,fraud,electronics,7,774,0,3,0,0,0,1,1,0
TXN103394,145.13,subscription_cancelled,travel,9,1160,1,1,1,0,0,1,1,1
TXN103395,77.88,credit_not_processed,general,74,127,0,1,1,1,0,1,1,1
TXN103396,546.35,fraud,subscription,60,537,0,1,1,0,0,1,1,1
TXN103397,702.26,fraud,general,36,2023,0,2,0,0,0,0,1,0
TXN103398,51.54,duplicate_charge,travel,26,414,0,3,1,1,0,1,0,1
TXN103399,130.92,duplicate_charge,electronics,83,1555,0,2,1,1,0,1,0,1
TXN103400,124.65,fraud,digital_goods,11,1914,0,4,1,0,0,0,1,1
TXN103401,72.95,subscription_cancelled,subscription,84,657,0,3,1,1,0,1,1,1
TXN103402,303.28,product_unacceptable,electronics,108,1145,0,2,1,1,1,1,1,0
TXN103403,25.57,credit_not_processed,electronics,55,2193,1,0,1,0,0,1,1,1
TXN103404,457.04,credit_not_processed,general,59,2088,0,0,0,1,0,1,0,1
TXN103405,162.74,subscription_cancelled,electronics,64,2300,2,0,1,0,0,1,1,1
TXN103406,516.98,product_unacceptable,general,12,1570,0,0,1,1,0,1,1,1
TXN103407,152.97,product_not_received,subscription,75,2217,0,2,1,0,0,1,1,1
TXN103408,124.3,product_unacceptable,travel,44,996,1,0,1,1,0,0,1,1
TXN103409,319.55,fraud,travel,56,1503,0,2,1,1,0,0,1,1
TXN103410,514.78,duplicate_charge,electronics,3,1668,1,1,1,0,0,1,1,0
TXN103411,460.95,fraud,digital_goods,105,2441,0,1,1,1,0,1,1,1
TXN103412,36.69,product_unacceptable,subscription,40,920,0,3,1,0,0,1,1,0
TXN103413,383.95,fraud,general,10,2187,0,0,1,0,0,1,1,1
TXN103414,119.67,product_not_received,digital_goods,94,1273,0,0,1,1,0,0,0,1
TXN103415,141.43,product_not_received,general,117,260,0,0,1,1,0,1,1,1
TXN103416,117.77,duplicate_charge,subscription,62,1638,1,0,1,1,0,1,0,1
TXN103417,97.12,subscription_cancelled,electronics,4,2452,1,0,0,1,0,1,1,1
TXN103418,132.01,fraud,travel,119,1133,0,1,1,0,0,1,1,1
TXN103419,70.76,subscription_cancelled,travel,25,1372,0,2,1,0,0,0,1,0
TXN103420,385.48,credit_not_processed,travel,29,2318,1,3,1,1,0,1,1,1
TXN103421,255.31,product_not_received,subscription,85,2300,0,2,0,1,0,1,1,1
TXN103422,185.28,duplicate_charge,general,40,1000,0,3,1,0,1,1,1,1
TXN103423,117.73,product_not_received,travel,11,1900,1,3,0,0,0,1,1,1
TXN103424,102.27,fraud,apparel,82,1577,0,0,1,1,0,1,1,1
TXN103425,214.67,product_unacceptable,general,32,1618,0,2,1,0,0,1,1,0
TXN103426,189.7,fraud,general,103,1801,1,4,1,1,0,1,1,1
TXN103427,334.77,credit_not_processed,subscription,19,816,0,1,1,0,1,0,1,0
TXN103428,103.62,credit_not_processed,travel,108,762,1,1,0,0,0,1,1,1
TXN103429,96.03,subscription_cancelled,electronics,87,67,0,2,1,0,0,1,1,1
TXN103430,248.05,product_unacceptable,digital_goods,29,2140,0,4,1,1,0,1,1,1
TXN103431,284.91,product_unacceptable,apparel,69,691,1,1,1,1,0,1,0,1
TXN103432,668.12,credit_not_processed,travel,112,1685,2,0,0,0,1,1,1,0
TXN103433,35.03,product_not_received,subscription,8,1714,0,1,1,1,0,1,1,1
TXN103434,399.71,fraud,apparel,98,1758,0,2,1,0,1,1,1,1
TXN103435,174.25,product_unacceptable,general,55,2157,0,0,1,0,0,1,1,1
TXN103436,108.31,product_not_received,electronics,113,2169,0,6,1,1,0,1,1,1
TXN103437,216.67,product_not_received,electronics,25,5,0,3,1,0,0,1,0,1
TXN103438,211.43,fraud,general,86,2100,0,1,1,0,0,1,1,1
TXN103439,110.76,duplicate_charge,electronics,116,519,0,1,0,1,0,1,1,1
TXN103440,37.54,product_not_received,subscription,41,1613,0,2,1,0,0,1,1,1
TXN103441,400.64,fraud,subscription,13,1682,0,7,1,1,0,1,1,1
TXN103442,89.48,fraud,apparel,47,134,0,0,1,0,1,1,1,0
TXN103443,78.81,product_not_received,electronics,72,709,0,0,0,0,0,1,1,1
TXN103444,96.46,credit_not_processed,apparel,75,2275,1,0,0,0,0,0,1,1
TXN103445,275.43,product_not_received,electronics,58,354,1,1,1,0,0,1,1,1
TXN103446,121.31,duplicate_charge,subscription,111,579,0,1,1,1,0,1,1,1
TXN103447,97.96,subscription_cancelled,general,69,204,1,0,0,0,1,1,1,0
TXN103448,206.7,product_not_received,general,77,416,0,1,1,1,0,1,0,1
TXN103449,186.51,subscription_cancelled,subscription,114,1594,1,0,0,0,0,1,1,0
TXN103450,99.66,duplicate_charge,subscription,112,2103,0,5,0,0,0,1,1,1
TXN103451,36.89,product_unacceptable,general,41,1487,2,0,0,1,0,0,1,1
TXN103452,271.23,fraud,subscription,35,711,0,0,0,0,1,1,0,1
TXN103453,189.0,fraud,travel,90,2146,0,3,0,0,0,1,1,0
TXN103454,26.8,credit_not_processed,general,63,918,1,4,1,0,0,1,1,1
TXN103455,439.09,subscription_cancelled,apparel,54,787,0,1,0,0,0,1,1,0
TXN103456,25.73,credit_not_processed,digital_goods,84,1263,0,2,1,0,0,1,1,1
TXN103457,83.81,credit_not_processed,general,79,341,1,0,1,1,0,1,1,1
TXN103458,88.26,fraud,apparel,109,890,1,2,1,0,0,1,1,1
TXN103459,100.81,subscription_cancelled,apparel,44,1997,0,0,1,0,0,1,1,1
TXN103460,98.27,product_unacceptable,electronics,90,1520,0,1,1,0,0,1,1,1
TXN103461,55.67,subscription_cancelled,apparel,28,2470,0,1,1,1,0,1,1,1
TXN103462,176.3,fraud,travel,112,1939,0,2,1,0,0,0,1,1
TXN103463,302.47,product_not_received,general,10,900,0,2,1,0,0,1,1,1
TXN103464,174.59,subscription_cancelled,electronics,90,1916,0,2,1,0,0,1,1,1
TXN103465,196.46,subscription_cancelled,subscription,13,2163,0,1,1,1,0,1,1,1
TXN103466,123.44,duplicate_charge,subscription,105,1577,1,0,1,0,0,1,0,1
TXN103467,169.74,product_not_received,general,115,1906,0,0,0,1,0,0,1,1
TXN103468,206.95,product_not_received,subscription,98,1258,1,3,1,0,0,1,1,1
TXN103469,255.4,credit_not_processed,electronics,94,2278,0,1,1,1,0,1,1,1
TXN103470,92.15,product_not_received,digital_goods,57,594,1,0,1,1,0,1,1,1
TXN103471,82.88,product_unacceptable,general,30,1060,0,1,1,1,0,0,1,1
TXN103472,18.72,product_unacceptable,general,118,634,2,0,1,1,1,1,1,0
TXN103473,524.15,product_not_received,travel,63,253,0,0,1,1,0,1,1,1
TXN103474,502.66,product_unacceptable,general,98,1539,0,1,0,1,0,1,1,1
TXN103475,149.29,product_not_received,subscription,85,295,0,4,1,0,0,0,1,1
TXN103476,155.54,subscription_cancelled,electronics,84,565,0,1,0,1,0,1,1,1
TXN103477,418.53,credit_not_processed,general,42,1907,0,2,1,0,0,1,1,1
TXN103478,57.21,credit_not_processed,apparel,51,602,1,3,0,1,1,1,1,1
TXN103479,76.14,product_unacceptable,digital_goods,53,2158,2,2,1,0,0,1,1,1
TXN103480,435.68,product_unacceptable,apparel,72,122,0,1,1,1,0,1,1,1
TXN103481,122.47,duplicate_charge,subscription,86,1142,1,1,0,0,1,1,1,0
TXN103482,67.61,subscription_cancelled,electronics,24,167,1,1,1,0,1,0,1,0
TXN103483,215.48,product_unacceptable,travel,28,148,0,1,1,0,0,1,1,1
TXN103484,92.58,duplicate_charge,general,6,1977,0,2,1,1,0,1,1,1
TXN103485,387.16,subscription_cancelled,subscription,63,166,0,1,0,0,0,1,1,1
TXN103486,168.74,duplicate_charge,apparel,80,2230,1,1,1,1,0,1,1,1
TXN103487,95.54,subscription_cancelled,general,26,1496,0,1,1,1,0,0,1,1
TXN103488,99.72,fraud,digital_goods,85,1206,1,5,1,1,0,1,1,1
TXN103489,208.32,product_unacceptable,subscription,1,2296,0,1,1,1,0,1,1,1
TXN103490,134.03,duplicate_charge,travel,104,969,1,0,0,0,0,1,1,0
TXN103491,121.05,fraud,electronics,83,998,1,2,1,1,0,1,1,1
TXN103492,262.13,subscription_cancelled,electronics,82,1024,1,2,1,0,0,1,1,1
TXN103493,422.34,duplicate_charge,apparel,85,1626,1,2,0,0,0,1,1,0
TXN103494,237.63,fraud,general,43,2118,1,0,0,0,1,1,1,0
TXN103495,86.85,subscription_cancelled,general,119,1355,0,1,0,0,0,1,1,0
TXN103496,64.19,duplicate_charge,digital_goods,89,702,2,2,1,0,0,1,1,1
TXN103497,251.79,subscription_cancelled,general,22,2224,0,2,0,0,1,1,1,0
TXN103498,237.3,product_not_received,electronics,110,1497,1,2,1,1,0,1,1,1
TXN103499,114.51,subscription_cancelled,general,89,2080,1,3,1,0,0,1,1,1
TXN103500,136.0,product_not_received,apparel,37,1080,0,1,0,1,0,1,1,0
TXN103501,90.89,product_unacceptable,electronics,113,498,0,5,1,1,0,1,1,1
TXN103502,65.48,fraud,subscription,30,2361,1,0,1,1,0,1,0,1
TXN103503,96.98,duplicate_charge,digital_goods,77,1693,2,1,0,1,0,1,1,1
TXN103504,14.45,duplicate_charge,apparel,80,769,1,1,1,1,1,1,0,1
TXN103505,340.11,product_unacceptable,subscription,115,2118,0,1,1,0,0,1,1,1
TXN103506,49.11,product_unacceptable,apparel,68,22,0,1,0,0,0,1,0,0
TXN103507,151.64,subscription_cancelled,subscription,119,2325,0,0,1,0,0,1,1,1
TXN103508,21.85,duplicate_charge,apparel,34,1446,0,0,1,0,0,1,1,1
TXN103509,231.85,product_not_received,electronics,96,1474,0,0,1,0,0,1,0,1
TXN103510,281.41,credit_not_processed,apparel,30,33,0,2,1,0,0,1,1,1
TXN103511,161.83,duplicate_charge,travel,119,439,0,1,1,1,0,1,1,1
TXN103512,145.09,credit_not_processed,apparel,91,1801,1,1,0,0,0,1,0,0
TXN103513,90.6,credit_not_processed,electronics,75,1395,2,3,1,1,0,1,1,1
TXN103514,334.54,credit_not_processed,subscription,8,319,0,1,0,0,0,1,1,0
TXN103515,40.19,subscription_cancelled,digital_goods,60,1664,0,3,1,1,0,1,0,1
TXN103516,108.8,duplicate_charge,digital_goods,18,1866,1,2,1,0,0,1,0,1
TXN103517,82.26,fraud,apparel,110,681,1,1,0,1,0,1,1,1
TXN103518,79.94,product_unacceptable,electronics,46,1723,0,3,0,1,0,1,1,1
TXN103519,328.67,subscription_cancelled,electronics,99,2432,0,0,1,0,0,1,1,1
TXN103520,138.51,product_unacceptable,subscription,108,1206,0,2,0,1,0,1,0,1
TXN103521,90.04,credit_not_processed,electronics,14,573,1,0,0,0,0,1,1,1
TXN103522,193.4,fraud,apparel,91,2404,0,1,1,1,0,1,0,1
TXN103523,182.18,product_not_received,general,37,2278,0,2,1,0,0,1,1,1
TXN103524,277.97,product_unacceptable,digital_goods,13,1142,0,4,0,0,0,1,0,0
TXN103525,208.51,product_not_received,subscription,32,1062,0,1,1,0,0,1,1,1
TXN103526,143.3,fraud,digital_goods,66,2084,0,1,0,1,0,1,1,0
TXN103527,150.76,fraud,general,102,1,0,1,1,1,0,1,1,1
TXN103528,202.1,subscription_cancelled,subscription,83,780,1,1,1,1,0,1,1,1
TXN103529,72.25,product_unacceptable,digital_goods,28,1358,0,3,0,0,0,1,1,1
TXN103530,179.48,fraud,subscription,36,1635,0,0,1,0,0,1,0,1
TXN103531,416.02,fraud,digital_goods,37,1570,1,3,1,0,0,1,1,1
TXN103532,161.93,product_unacceptable,general,88,926,0,2,1,0,1,1,1,0
TXN103533,116.87,fraud,digital_goods,62,2173,0,1,1,0,0,1,0,0
TXN103534,115.72,duplicate_charge,general,3,1624,1,3,1,0,0,1,0,1
TXN103535,196.28,subscription_cancelled,travel,10,1351,1,3,1,0,0,1,1,1
TXN103536,172.48,product_not_received,travel,9,2346,0,2,1,1,0,1,1,1
TXN103537,239.44,duplicate_charge,digital_goods,115,235,0,1,1,0,0,1,1,1
TXN103538,94.72,fraud,subscription,61,1774,1,2,1,1,1,1,1,0
TXN103539,132.65,product_not_received,subscription,59,2317,0,1,1,1,0,1,1,1
TXN103540,267.19,credit_not_processed,subscription,91,1654,1,1,0,1,1,1,1,0
TXN103541,281.66,product_unacceptable,subscription,23,1413,0,0,1,1,0,0,1,1
TXN103542,283.18,credit_not_processed,electronics,4,911,1,2,0,0,0,1,1,1
TXN103543,248.29,product_not_received,general,33,678,0,2,0,1,0,0,1,1
TXN103544,254.08,product_not_received,general,25,1364,1,1,0,0,0,0,1,0
TXN103545,179.25,product_unacceptable,apparel,95,2247,0,2,1,0,0,1,1,0
TXN103546,47.48,product_unacceptable,general,98,1155,0,5,1,1,0,1,1,1
TXN103547,51.66,credit_not_processed,travel,76,302,0,0,1,1,0,1,1,1
TXN103548,159.67,fraud,apparel,109,1209,0,4,1,0,0,1,1,1
TXN103549,164.8,subscription_cancelled,apparel,56,243,0,3,0,1,1,1,1,0
TXN103550,78.46,credit_not_processed,digital_goods,29,2340,0,0,0,1,0,0,1,1
TXN103551,82.58,product_unacceptable,electronics,40,1337,0,1,0,0,0,0,1,0
TXN103552,142.64,product_not_received,subscription,17,534,0,1,1,1,0,1,1,1
TXN103553,574.91,product_unacceptable,subscription,108,1562,0,3,1,0,0,1,1,0
TXN103554,67.24,product_not_received,subscription,72,1344,0,2,0,1,0,1,1,1
TXN103555,112.31,subscription_cancelled,travel,92,1277,1,2,0,1,0,1,0,0
TXN103556,277.66,product_unacceptable,digital_goods,34,1479,0,2,1,0,0,1,1,1
TXN103557,244.45,credit_not_processed,subscription,86,2322,1,1,0,1,0,1,1,0
TXN103558,189.2,duplicate_charge,general,40,2140,1,1,1,0,0,0,0,0
TXN103559,30.6,product_unacceptable,electronics,54,657,0,0,1,1,0,1,1,1
TXN103560,127.18,duplicate_charge,digital_goods,78,599,0,1,0,1,0,0,1,1
TXN103561,475.9,product_unacceptable,general,117,2475,0,1,0,1,0,1,1,1
TXN103562,80.36,credit_not_processed,general,67,1612,1,1,1,1,0,1,1,1
TXN103563,77.86,fraud,general,85,48,1,1,1,1,0,1,1,1
TXN103564,403.87,credit_not_processed,apparel,71,1323,1,2,1,0,0,1,0,0
TXN103565,142.41,subscription_cancelled,digital_goods,51,296,1,3,1,0,0,1,1,1
TXN103566,32.85,credit_not_processed,electronics,111,74,0,1,1,1,0,0,1,0
TXN103567,60.24,product_unacceptable,general,115,464,1,3,1,0,1,1,1,0
TXN103568,96.66,subscription_cancelled,travel,37,636,1,2,0,0,0,1,1,1
TXN103569,182.77,product_not_received,apparel,107,198,0,3,1,0,0,1,1,1
TXN103570,130.88,subscription_cancelled,electronics,54,2088,1,2,1,1,0,1,1,1
TXN103571,75.02,fraud,subscription,89,1095,0,2,1,1,0,1,1,1
TXN103572,132.29,product_not_received,subscription,62,1379,0,0,1,1,0,1,1,1
TXN103573,80.31,product_unacceptable,general,92,2163,1,1,1,0,0,1,1,1
TXN103574,494.23,product_not_received,general,104,2092,0,2,1,1,0,1,1,1
TXN103575,57.45,product_not_received,subscription,51,2051,0,2,0,1,0,1,1,1
TXN103576,106.58,subscription_cancelled,subscription,84,490,0,1,1,0,0,0,1,1
TXN103577,95.06,product_not_received,subscription,61,1861,0,4,0,0,0,1,1,0
TXN103578,96.3,subscription_cancelled,general,96,2489,0,3,1,1,0,1,1,1
TXN103579,63.13,fraud,digital_goods,23,18,3,2,0,1,0,1,1,0
TXN103580,383.55,subscription_cancelled,subscription,87,2170,2,2,1,0,0,1,0,0
TXN103581,603.97,subscription_cancelled,subscription,71,2164,1,0,1,1,1,1,1,1
TXN103582,198.99,product_not_received,electronics,54,2103,0,1,0,1,0,1,1,1
TXN103583,186.89,subscription_cancelled,subscription,45,991,0,4,0,0,1,1,1,0
TXN103584,38.9,credit_not_processed,digital_goods,84,497,0,2,1,0,1,1,1,0
TXN103585,377.33,subscription_cancelled,electronics,42,1829,0,0,1,1,0,1,1,1
TXN103586,80.26,product_not_received,apparel,4,1557,0,1,0,0,0,1,1,0
TXN103587,34.93,product_unacceptable,electronics,113,1817,0,0,0,1,1,1,0,0
TXN103588,224.9,subscription_cancelled,general,54,639,1,1,0,0,0,0,0,1
TXN103589,312.22,product_not_received,subscription,20,443,0,1,0,0,0,1,1,1
TXN103590,374.82,subscription_cancelled,electronics,27,2253,1,2,1,0,1,1,1,0
TXN103591,107.64,product_not_received,travel,99,1288,1,1,0,1,0,1,1,1
TXN103592,98.09,subscription_cancelled,travel,40,2128,0,1,1,0,0,1,1,1
TXN103593,176.27,fraud,travel,34,2315,1,1,0,0,0,1,1,1
TXN103594,130.91,fraud,travel,58,1148,1,2,1,0,1,1,0,0
TXN103595,228.04,credit_not_processed,general,4,657,0,1,1,0,0,1,1,1
TXN103596,177.62,credit_not_processed,travel,67,2239,1,1,1,1,1,1,1,0
TXN103597,74.99,credit_not_processed,travel,5,1787,0,5,1,0,0,1,1,1
TXN103598,382.99,credit_not_processed,travel,100,1664,1,2,0,0,0,1,1,0
TXN103599,229.0,product_not_received,digital_goods,52,2395,0,4,0,0,0,0,0,0
TXN103600,307.29,product_not_received,general,26,615,0,3,1,0,0,1,1,1
TXN103601,76.07,fraud,digital_goods,55,901,0,0,1,0,0,1,1,1
TXN103602,224.41,product_unacceptable,subscription,21,97,0,1,0,0,0,1,1,1
TXN103603,268.6,product_not_received,travel,39,969,0,2,1,1,0,1,1,1
TXN103604,172.64,credit_not_processed,subscription,16,1116,0,3,1,0,0,1,1,1
TXN103605,62.54,fraud,subscription,80,1131,0,3,1,0,0,1,1,1
TXN103606,161.13,fraud,subscription,117,377,1,1,1,0,0,1,1,1
TXN103607,251.35,product_not_received,travel,58,2022,1,2,1,1,1,0,1,1
TXN103608,321.57,fraud,travel,12,1223,0,4,1,0,0,1,0,1
TXN103609,42.0,product_not_received,travel,9,1098,1,3,1,1,0,1,1,1
TXN103610,170.17,duplicate_charge,digital_goods,100,2159,0,0,1,1,0,0,1,1
TXN103611,50.83,product_not_received,subscription,42,1215,2,1,1,0,1,1,1,0
TXN103612,253.62,duplicate_charge,general,36,2230,1,2,0,0,0,1,1,1
TXN103613,300.2,credit_not_processed,subscription,13,555,1,0,1,1,0,1,1,1
TXN103614,70.45,duplicate_charge,subscription,79,2126,0,2,0,1,0,1,1,1
TXN103615,59.95,duplicate_charge,subscription,8,2470,0,0,0,0,0,1,1,1
TXN103616,94.44,product_not_received,digital_goods,108,1876,0,2,0,1,0,1,1,1
TXN103617,134.57,fraud,electronics,25,2230,1,3,1,1,0,1,1,1
TXN103618,84.79,product_not_received,digital_goods,9,1850,0,1,0,0,0,1,1,1
TXN103619,269.28,credit_not_processed,subscription,84,1500,1,2,1,1,1,1,1,0
TXN103620,322.69,duplicate_charge,subscription,43,1909,1,0,0,0,1,1,0,1
TXN103621,165.07,product_not_received,travel,83,2401,0,0,1,1,0,1,1,1
TXN103622,87.07,product_unacceptable,subscription,5,1512,0,0,1,0,0,0,1,0
TXN103623,130.95,subscription_cancelled,electronics,103,1717,0,1,1,0,0,1,1,1
TXN103624,165.04,duplicate_charge,travel,37,197,0,1,0,1,0,1,1,1
TXN103625,126.7,product_unacceptable,subscription,91,2397,1,2,0,0,0,1,1,1
TXN103626,143.38,credit_not_processed,travel,112,1944,1,2,0,0,1,1,1,0
TXN103627,305.61,duplicate_charge,subscription,64,403,1,0,1,0,0,1,0,1
TXN103628,82.65,duplicate_charge,digital_goods,40,724,0,3,1,1,0,1,1,1
TXN103629,521.07,fraud,travel,38,563,0,1,0,0,0,1,1,0
TXN103630,168.62,fraud,travel,82,799,0,0,1,1,0,1,1,1
TXN103631,121.66,credit_not_processed,subscription,1,2212,0,1,0,1,0,1,1,1
TXN103632,81.04,duplicate_charge,apparel,18,1160,0,2,1,0,0,1,1,1
TXN103633,86.74,product_not_received,apparel,78,1049,0,1,1,1,0,0,1,1
TXN103634,153.94,duplicate_charge,digital_goods,4,1947,1,1,1,0,0,1,1,1
TXN103635,167.77,fraud,apparel,35,927,0,0,1,0,0,1,1,1
TXN103636,118.42,subscription_cancelled,digital_goods,78,2214,0,2,1,0,0,1,1,1
TXN103637,50.48,fraud,digital_goods,30,1885,0,1,0,0,0,1,1,1
TXN103638,153.96,subscription_cancelled,apparel,111,642,0,0,1,1,0,1,1,1
TXN103639,88.03,product_unacceptable,digital_goods,117,1575,0,4,1,1,0,1,0,1
TXN103640,32.73,product_not_received,travel,4,1206,0,1,0,0,0,1,1,1
TXN103641,234.17,fraud,subscription,21,860,1,2,1,0,0,1,1,1
TXN103642,37.43,subscription_cancelled,apparel,108,2265,0,2,0,0,0,1,1,1
TXN103643,114.58,fraud,general,4,994,1,2,1,0,0,1,1,0
TXN103644,140.52,fraud,digital_goods,58,291,0,3,1,1,0,1,1,1
TXN103645,352.0,subscription_cancelled,subscription,113,1020,0,2,0,0,0,1,1,1
TXN103646,34.34,product_not_received,electronics,71,1291,1,1,1,1,0,1,1,1
TXN103647,251.67,product_not_received,apparel,37,315,1,1,1,0,1,1,1,1
TXN103648,278.89,product_not_received,digital_goods,1,1856,1,0,0,0,0,1,1,0
TXN103649,423.47,subscription_cancelled,digital_goods,47,573,1,1,0,1,0,1,1,1
TXN103650,315.14,product_not_received,digital_goods,65,231,1,1,0,0,1,0,1,0
TXN103651,143.96,fraud,electronics,10,1343,1,2,1,1,0,1,1,1
TXN103652,259.34,product_not_received,digital_goods,63,402,0,0,1,1,0,1,1,1
TXN103653,363.37,fraud,subscription,49,1954,0,1,1,0,0,1,1,1
TXN103654,26.75,product_not_received,subscription,39,171,0,0,1,0,0,1,1,1
TXN103655,50.09,fraud,apparel,116,1047,2,1,0,0,0,1,1,0
TXN103656,180.25,fraud,digital_goods,107,129,0,2,0,1,0,1,1,0
TXN103657,276.75,product_not_received,travel,83,958,0,1,0,1,0,1,1,0
TXN103658,228.39,credit_not_processed,travel,71,2333,0,2,1,0,0,1,1,0
TXN103659,191.85,fraud,subscription,57,1626,0,1,1,1,0,1,0,1
TXN103660,419.55,fraud,digital_goods,9,1337,1,1,0,1,0,1,1,0
TXN103661,118.24,credit_not_processed,subscription,37,393,2,1,1,1,1,1,1,1
TXN103662,85.15,credit_not_processed,general,2,782,0,0,1,0,1,1,0,0
TXN103663,101.57,duplicate_charge,apparel,44,951,0,0,1,1,1,1,1,1
TXN103664,182.94,product_not_received,subscription,57,1446,0,6,1,1,0,0,1,1
TXN103665,140.01,product_not_received,apparel,73,520,1,1,1,1,1,1,1,0
TXN103666,287.32,fraud,digital_goods,43,2499,0,0,1,0,0,1,1,1
TXN103667,89.0,fraud,travel,31,1629,1,2,0,0,0,1,1,0
TXN103668,199.92,product_not_received,travel,85,779,0,1,0,0,0,1,1,1
TXN103669,259.96,product_unacceptable,travel,19,280,1,4,0,1,0,0,1,0
TXN103670,363.21,product_not_received,apparel,15,1487,0,2,1,1,0,1,1,1
TXN103671,58.18,duplicate_charge,electronics,83,1119,0,1,1,1,0,1,1,1
TXN103672,100.04,product_not_received,general,70,1684,0,2,1,0,0,1,1,1
TXN103673,132.53,product_not_received,general,104,1490,0,0,1,1,0,1,1,1
TXN103674,44.32,subscription_cancelled,general,88,1600,1,1,0,1,0,1,0,1
TXN103675,190.78,credit_not_processed,travel,108,2084,0,1,1,0,0,1,1,0
TXN103676,188.71,product_not_received,general,80,1312,0,1,0,0,0,1,1,0
TXN103677,177.41,product_unacceptable,digital_goods,101,1811,0,1,0,1,0,1,1,1
TXN103678,126.57,product_not_received,electronics,21,897,2,0,0,1,0,0,1,1
TXN103679,337.04,fraud,apparel,64,2357,0,4,1,0,0,1,1,1
TXN103680,102.04,subscription_cancelled,apparel,113,1019,0,1,1,1,0,1,1,1
TXN103681,316.59,fraud,digital_goods,94,1699,2,1,1,0,0,1,1,1
TXN103682,100.27,product_not_received,general,48,2496,0,2,1,1,0,1,1,1
TXN103683,56.83,product_unacceptable,apparel,111,872,0,0,1,1,0,1,1,1
TXN103684,144.86,fraud,travel,38,253,0,1,1,0,0,1,1,1
TXN103685,165.27,fraud,apparel,3,579,0,2,1,0,1,1,1,0
TXN103686,202.17,product_not_received,travel,95,609,0,0,0,1,0,1,1,1
TXN103687,19.64,credit_not_processed,travel,50,141,0,1,0,1,0,1,1,1
TXN103688,116.52,duplicate_charge,electronics,5,1359,0,1,0,0,0,0,1,1
TXN103689,496.76,product_not_received,digital_goods,25,693,0,2,1,0,0,1,1,1
TXN103690,94.57,fraud,electronics,9,242,0,1,0,0,0,1,1,0
TXN103691,279.37,duplicate_charge,general,119,342,0,1,1,1,0,1,1,1
TXN103692,828.13,fraud,subscription,101,683,0,2,1,1,0,1,1,1
TXN103693,556.67,product_unacceptable,general,111,923,0,3,1,0,0,1,1,1
TXN103694,64.44,subscription_cancelled,general,22,2436,1,1,1,0,0,1,1,1
TXN103695,263.66,product_not_received,apparel,96,1756,1,1,1,0,0,1,1,1
TXN103696,274.95,product_not_received,subscription,68,1786,0,1,1,0,0,1,1,1
TXN103697,235.5,fraud,electronics,36,1730,0,1,0,0,0,0,1,0
TXN103698,55.71,fraud,general,80,2008,1,0,0,1,0,1,1,0
TXN103699,176.4,product_not_received,subscription,114,795,0,1,1,1,0,1,1,1
TXN103700,175.54,credit_not_processed,subscription,55,248,1,0,1,0,0,1,1,0
TXN103701,49.15,product_not_received,general,4,1271,1,0,0,1,0,1,1,0
TXN103702,121.61,product_unacceptable,general,101,3,0,2,1,0,0,1,1,1
TXN103703,182.06,duplicate_charge,general,23,541,1,1,1,1,0,1,1,1
TXN103704,141.72,fraud,electronics,22,1882,1,0,0,1,0,1,1,0
TXN103705,247.47,fraud,electronics,74,1257,1,1,1,0,0,1,1,1
TXN103706,119.29,product_not_received,general,96,1726,1,3,1,1,0,0,1,1
TXN103707,163.61,duplicate_charge,apparel,95,1275,0,1,0,0,0,1,1,1
TXN103708,291.57,product_not_received,digital_goods,104,1356,1,1,1,1,0,1,1,1
TXN103709,458.67,subscription_cancelled,electronics,106,753,0,2,0,0,0,1,1,1
TXN103710,54.66,credit_not_processed,travel,16,546,0,0,1,1,0,1,1,1
TXN103711,241.06,subscription_cancelled,subscription,36,648,1,0,1,0,0,1,0,1
TXN103712,105.04,credit_not_processed,general,86,1995,0,0,0,0,0,1,1,0
TXN103713,203.99,subscription_cancelled,travel,47,2448,0,0,1,0,0,1,1,1
TXN103714,51.12,subscription_cancelled,travel,86,204,1,2,1,1,0,1,1,1
TXN103715,341.84,subscription_cancelled,travel,55,1342,0,0,1,0,0,1,1,1
TXN103716,80.54,subscription_cancelled,digital_goods,54,1176,0,1,1,0,1,1,1,1
TXN103717,295.15,subscription_cancelled,travel,4,1405,0,1,0,0,1,0,1,1
TXN103718,57.28,credit_not_processed,general,73,582,0,0,1,0,0,1,1,1
TXN103719,42.23,product_unacceptable,apparel,103,19,1,0,0,0,1,1,1,0
TXN103720,128.92,duplicate_charge,digital_goods,98,508,0,0,0,0,0,1,1,1
TXN103721,177.63,product_unacceptable,travel,41,454,1,4,0,0,0,1,0,1
TXN103722,589.62,subscription_cancelled,travel,81,130,0,1,1,1,0,1,1,1
TXN103723,174.56,product_not_received,electronics,24,891,0,1,0,0,0,1,1,1
TXN103724,64.3,subscription_cancelled,apparel,76,1709,0,1,0,0,0,1,1,0
TXN103725,263.36,subscription_cancelled,travel,49,2414,0,0,1,1,0,1,1,1
TXN103726,380.21,credit_not_processed,subscription,111,1643,2,1,0,0,0,1,1,1
TXN103727,76.88,product_not_received,subscription,85,438,1,2,0,1,0,1,1,0
TXN103728,287.88,duplicate_charge,general,9,905,1,2,0,0,0,1,1,1
TXN103729,348.75,subscription_cancelled,subscription,104,758,0,2,0,0,0,1,1,1
TXN103730,267.73,credit_not_processed,travel,87,530,0,5,0,1,0,1,1,1
TXN103731,90.74,credit_not_processed,apparel,26,2475,0,2,0,0,0,1,1,1
TXN103732,178.99,product_unacceptable,digital_goods,34,1639,0,3,1,1,0,1,1,1
TXN103733,203.8,product_unacceptable,subscription,21,1202,0,0,0,0,0,1,1,1
TXN103734,335.16,fraud,digital_goods,37,1091,0,3,0,0,1,0,1,0
TXN103735,95.7,credit_not_processed,subscription,113,796,0,1,1,0,0,1,1,1
TXN103736,292.77,product_not_received,electronics,108,1041,0,2,1,0,0,1,1,1
TXN103737,138.02,subscription_cancelled,electronics,66,1585,0,2,1,1,0,1,1,1
TXN103738,116.53,subscription_cancelled,apparel,44,2320,0,2,1,0,0,0,1,1
TXN103739,159.31,product_unacceptable,apparel,44,1240,0,2,1,0,0,1,1,1
TXN103740,16.39,fraud,travel,114,462,0,2,1,0,0,1,1,1
TXN103741,22.27,fraud,travel,24,2393,0,0,1,0,0,1,1,1
TXN103742,28.96,subscription_cancelled,travel,91,787,0,1,0,0,0,1,0,0
TXN103743,210.19,product_unacceptable,apparel,119,207,0,2,1,0,0,1,1,1
TXN103744,126.94,fraud,travel,102,1360,0,1,1,0,1,1,1,0
TXN103745,90.97,duplicate_charge,electronics,86,1976,0,2,1,1,0,1,1,1
TXN103746,149.03,product_not_received,digital_goods,108,643,1,0,1,1,0,1,1,1
TXN103747,297.4,credit_not_processed,electronics,26,697,0,0,0,0,0,1,1,1
TXN103748,143.93,product_not_received,electronics,118,723,0,1,1,0,0,1,1,1
TXN103749,62.8,fraud,electronics,11,2016,1,1,1,0,1,1,1,0
TXN103750,651.63,fraud,electronics,2,2393,1,3,1,1,0,1,1,1
TXN103751,154.67,product_unacceptable,digital_goods,24,2119,0,0,1,0,0,1,1,1
TXN103752,350.82,product_unacceptable,travel,73,565,0,2,0,0,0,1,1,1
TXN103753,269.44,subscription_cancelled,travel,30,2123,0,3,1,1,1,1,1,1
TXN103754,110.62,product_unacceptable,digital_goods,76,774,0,1,1,0,0,1,1,1
TXN103755,454.29,product_not_received,apparel,14,2166,0,1,0,0,0,1,1,1
TXN103756,97.06,product_not_received,electronics,83,2478,0,1,1,1,0,1,1,1
TXN103757,207.6,product_not_received,subscription,28,1795,0,2,1,1,0,1,1,1
TXN103758,188.45,credit_not_processed,general,63,2387,2,2,1,0,1,1,1,0
TXN103759,201.32,fraud,apparel,14,356,2,1,0,0,0,1,1,0
TXN103760,404.6,credit_not_processed,apparel,116,1637,1,1,1,0,0,1,1,0
TXN103761,157.68,product_not_received,apparel,45,129,1,1,0,0,0,1,1,0
TXN103762,180.26,fraud,apparel,72,1630,1,1,1,1,0,0,1,0
TXN103763,186.76,product_not_received,apparel,58,851,0,0,1,1,0,1,1,1
TXN103764,573.42,fraud,digital_goods,71,2424,0,3,1,0,0,1,1,1
TXN103765,333.18,subscription_cancelled,subscription,55,1237,0,0,1,0,1,1,1,1
TXN103766,40.36,product_unacceptable,subscription,9,1906,0,4,1,0,0,1,0,1
TXN103767,100.02,product_not_received,general,99,756,1,2,1,1,0,0,1,1
TXN103768,165.86,duplicate_charge,digital_goods,77,187,0,0,1,0,0,1,1,1
TXN103769,399.05,duplicate_charge,digital_goods,31,1855,0,3,1,1,0,1,1,1
TXN103770,425.05,credit_not_processed,digital_goods,10,554,0,1,1,1,0,1,1,1
TXN103771,150.89,credit_not_processed,electronics,106,1806,0,2,1,0,0,1,1,1
TXN103772,97.41,duplicate_charge,digital_goods,40,1161,2,0,0,1,0,1,1,1
TXN103773,135.5,subscription_cancelled,apparel,109,2429,0,2,0,1,0,0,1,1
TXN103774,170.3,subscription_cancelled,digital_goods,92,881,1,3,1,0,0,1,1,1
TXN103775,128.55,product_unacceptable,electronics,115,1001,1,2,0,0,0,1,1,1
TXN103776,356.76,duplicate_charge,subscription,79,1851,1,5,1,0,0,1,1,1
TXN103777,119.2,fraud,general,22,1964,2,0,1,0,0,1,1,0
TXN103778,77.74,subscription_cancelled,general,5,314,0,2,0,0,0,1,1,0
TXN103779,133.31,credit_not_processed,electronics,30,1852,0,2,1,0,0,1,1,1
TXN103780,195.4,fraud,electronics,53,1228,0,0,0,1,0,1,1,1
TXN103781,361.21,subscription_cancelled,general,75,2471,1,0,1,0,0,1,0,1
TXN103782,72.77,credit_not_processed,general,107,1577,0,1,0,0,0,1,1,1
TXN103783,196.28,product_not_received,travel,17,1934,0,5,0,1,0,1,1,1
TXN103784,200.57,product_unacceptable,apparel,76,859,0,0,0,0,0,1,1,1
TXN103785,227.66,credit_not_processed,travel,11,708,1,1,1,0,0,0,1,0
TXN103786,119.11,credit_not_processed,travel,58,1962,0,0,1,1,0,1,1,1
TXN103787,224.97,fraud,general,9,38,0,0,1,0,0,0,0,1
TXN103788,264.76,product_not_received,travel,45,1451,1,1,0,0,0,1,1,1
TXN103789,118.12,duplicate_charge,electronics,73,2420,0,2,1,0,0,1,1,1
TXN103790,180.08,product_not_received,subscription,88,2477,0,0,1,1,0,1,1,1
TXN103791,139.52,product_not_received,subscription,96,1790,2,1,1,1,0,1,1,1
TXN103792,86.45,fraud,apparel,63,1243,0,2,0,1,0,1,1,1
TXN103793,52.27,fraud,electronics,31,2031,0,2,1,0,0,1,1,1
TXN103794,97.02,product_unacceptable,electronics,109,36,0,0,1,1,0,0,0,0
TXN103795,102.6,duplicate_charge,general,112,1983,0,1,1,0,0,1,1,1
TXN103796,51.55,duplicate_charge,digital_goods,116,474,1,1,1,1,0,1,1,1
TXN103797,214.71,subscription_cancelled,travel,95,1839,0,0,0,0,0,1,1,0
TXN103798,277.74,product_not_received,general,93,870,0,2,0,0,0,1,1,1
TXN103799,136.72,product_not_received,electronics,10,1878,0,3,1,1,0,1,1,1
TXN103800,152.2,fraud,apparel,69,1508,2,2,1,1,0,1,1,1
TXN103801,107.99,fraud,subscription,49,2323,1,0,1,0,0,1,1,0
TXN103802,145.91,product_not_received,travel,31,1968,0,0,1,1,0,0,1,1
TXN103803,226.14,fraud,electronics,9,2285,0,2,0,0,0,1,1,0
TXN103804,196.55,fraud,subscription,26,378,0,0,0,0,0,1,1,1
TXN103805,145.27,fraud,electronics,109,948,1,0,1,0,0,1,1,0
TXN103806,102.56,duplicate_charge,subscription,109,1093,0,1,0,0,0,1,1,0
TXN103807,262.09,duplicate_charge,subscription,89,77,0,1,1,0,0,1,1,1
TXN103808,110.89,credit_not_processed,subscription,13,56,0,2,0,1,0,1,1,1
TXN103809,55.2,subscription_cancelled,digital_goods,82,96,0,3,1,1,0,1,1,1
TXN103810,172.46,product_unacceptable,apparel,16,1918,1,1,0,0,0,0,1,0
TXN103811,33.9,fraud,general,82,1116,1,4,1,0,0,1,0,1
TXN103812,190.92,product_unacceptable,travel,5,1879,0,2,1,0,0,1,1,1
TXN103813,200.96,fraud,travel,34,2087,1,2,0,1,0,1,1,1
TXN103814,96.2,product_not_received,electronics,15,90,0,1,1,1,0,1,1,1
TXN103815,107.27,product_not_received,travel,112,2119,1,2,1,1,0,1,1,1
TXN103816,287.85,product_not_received,travel,68,564,0,0,1,1,0,1,1,1
TXN103817,537.79,product_not_received,apparel,110,1010,1,1,0,1,0,1,1,1
TXN103818,158.45,duplicate_charge,subscription,3,2407,0,1,1,0,0,0,1,1
TXN103819,97.76,subscription_cancelled,electronics,88,754,0,2,1,1,0,0,1,1
TXN103820,202.23,subscription_cancelled,subscription,58,2349,0,4,0,1,0,1,1,1
TXN103821,141.09,duplicate_charge,general,56,1266,0,2,1,0,0,1,1,1
TXN103822,192.83,product_unacceptable,travel,104,33,0,2,1,0,0,1,1,1
TXN103823,172.85,fraud,electronics,6,2081,0,2,0,0,0,1,0,0
TXN103824,175.97,subscription_cancelled,travel,113,110,1,1,1,0,0,1,1,0
TXN103825,24.56,product_unacceptable,travel,4,1591,0,0,0,1,1,1,1,0
TXN103826,107.02,product_not_received,travel,44,1145,1,1,1,0,0,1,1,1
TXN103827,99.26,product_not_received,apparel,17,349,1,1,1,0,0,1,1,1
TXN103828,98.17,credit_not_processed,travel,63,1286,0,2,1,0,1,0,1,0
TXN103829,238.04,duplicate_charge,apparel,71,905,1,0,0,0,0,1,0,1
TXN103830,59.63,product_unacceptable,travel,77,246,0,1,0,1,0,0,0,0
TXN103831,24.68,duplicate_charge,travel,95,1388,0,3,1,0,0,1,1,1
TXN103832,96.46,product_not_received,travel,90,109,1,2,0,0,0,1,1,0
TXN103833,81.49,product_unacceptable,subscription,113,1345,0,2,0,1,0,0,1,1
TXN103834,159.23,product_not_received,general,54,565,0,1,0,0,1,0,1,0
TXN103835,81.02,product_not_received,subscription,21,2076,1,0,1,0,0,1,1,1
TXN103836,126.23,duplicate_charge,subscription,19,2375,0,2,1,0,0,1,1,1
TXN103837,112.99,fraud,general,33,2330,1,3,1,0,0,1,1,0
TXN103838,349.11,subscription_cancelled,apparel,72,2344,0,1,0,0,0,1,1,0
TXN103839,82.72,product_not_received,apparel,7,251,0,1,1,1,0,1,1,1
TXN103840,228.36,duplicate_charge,travel,114,1274,0,1,1,0,0,1,1,1
TXN103841,144.58,duplicate_charge,digital_goods,118,561,0,0,0,1,0,1,1,1
TXN103842,292.1,duplicate_charge,subscription,20,241,0,1,1,0,0,1,1,1
TXN103843,420.38,duplicate_charge,electronics,93,980,0,1,1,0,0,1,1,1
TXN103844,142.92,credit_not_processed,electronics,71,1073,1,0,0,1,0,1,1,0
TXN103845,34.87,product_unacceptable,subscription,58,740,0,3,1,1,0,1,1,1
TXN103846,59.99,subscription_cancelled,subscription,88,285,1,1,1,1,0,1,1,1
TXN103847,48.47,duplicate_charge,apparel,69,1020,0,2,1,0,0,1,1,1
TXN103848,107.47,product_not_received,apparel,39,388,0,3,1,0,0,1,1,1
TXN103849,94.85,product_not_received,travel,67,101,0,1,1,1,0,1,1,1
TXN103850,178.91,product_not_received,digital_goods,17,1128,2,1,1,0,0,1,1,1
TXN103851,277.06,product_not_received,apparel,31,165,0,1,0,1,0,1,1,1
TXN103852,31.63,product_not_received,travel,116,2414,0,2,1,0,0,1,1,1
TXN103853,152.69,product_not_received,subscription,23,2095,0,1,1,0,0,1,1,1
TXN103854,84.59,duplicate_charge,subscription,72,2314,0,1,1,1,0,1,1,1
TXN103855,156.59,fraud,subscription,36,256,0,1,1,1,0,1,1,1
TXN103856,107.81,subscription_cancelled,travel,56,1162,0,1,1,1,0,1,1,1
TXN103857,246.19,product_not_received,general,30,2060,2,3,1,1,0,1,1,1
TXN103858,63.61,duplicate_charge,apparel,68,1438,1,1,1,0,0,1,1,1
TXN103859,88.94,fraud,electronics,67,766,0,2,0,0,1,1,1,0
TXN103860,135.68,product_unacceptable,electronics,74,2078,1,1,1,0,0,1,1,0
TXN103861,116.55,fraud,general,37,773,0,1,1,1,1,0,1,0
TXN103862,135.06,duplicate_charge,travel,69,2434,0,1,1,1,0,1,1,1
TXN103863,38.93,product_not_received,apparel,87,251,1,0,1,1,0,1,1,1
TXN103864,379.28,credit_not_processed,general,86,1764,0,3,1,0,0,1,1,1
TXN103865,101.56,product_not_received,apparel,68,33,0,1,1,0,0,1,1,1
TXN103866,67.24,product_unacceptable,travel,36,2285,0,4,1,1,1,0,1,1
TXN103867,138.02,product_not_received,apparel,64,888,0,4,1,1,0,1,0,1
TXN103868,153.65,duplicate_charge,electronics,64,50,1,2,1,0,0,1,1,1
TXN103869,490.05,product_unacceptable,apparel,114,2088,0,4,1,0,0,1,0,1
TXN103870,307.32,product_not_received,apparel,45,2418,0,0,0,1,0,1,1,1
TXN103871,114.74,fraud,travel,39,2299,1,0,1,1,0,1,0,1
TXN103872,434.46,fraud,electronics,90,1214,0,4,0,1,0,1,1,1
TXN103873,379.85,fraud,apparel,76,153,0,2,1,1,0,1,1,1
TXN103874,67.77,credit_not_processed,travel,51,569,0,1,0,1,0,1,1,0
TXN103875,564.35,product_not_received,digital_goods,1,77,0,0,1,1,0,1,1,1
TXN103876,102.97,fraud,travel,84,110,0,1,0,1,0,1,1,1
TXN103877,166.95,credit_not_processed,travel,88,397,0,1,1,0,0,1,1,1
TXN103878,342.04,fraud,general,111,1407,0,1,1,0,0,1,1,1
TXN103879,31.78,product_not_received,general,60,1915,0,3,0,0,0,1,1,0
TXN103880,135.14,duplicate_charge,apparel,62,1462,0,0,0,1,0,1,1,1
TXN103881,185.82,credit_not_processed,subscription,25,512,1,1,1,0,0,0,1,1
TXN103882,299.71,duplicate_charge,travel,55,1504,0,1,0,1,0,1,1,1
TXN103883,148.29,product_unacceptable,travel,1,577,1,2,1,0,0,1,1,1
TXN103884,32.16,credit_not_processed,subscription,60,1152,0,4,1,1,0,0,1,1
TXN103885,487.64,fraud,electronics,85,2222,0,2,1,0,0,1,1,1
TXN103886,152.22,credit_not_processed,digital_goods,94,336,1,3,0,0,0,1,1,0
TXN103887,190.98,subscription_cancelled,subscription,79,2187,0,2,1,0,0,1,1,1
TXN103888,42.87,credit_not_processed,general,96,677,1,3,1,1,0,1,1,1
TXN103889,368.87,product_not_received,electronics,80,1675,0,0,1,0,0,1,1,1
TXN103890,104.12,fraud,digital_goods,93,653,0,2,1,0,0,0,0,0
TXN103891,84.84,duplicate_charge,apparel,53,410,0,2,0,1,0,0,1,1
TXN103892,315.66,product_unacceptable,apparel,72,1126,0,0,1,1,0,1,1,1
TXN103893,47.38,product_unacceptable,electronics,77,952,0,2,0,1,0,0,0,0
TXN103894,192.95,credit_not_processed,travel,69,1268,0,1,0,1,0,1,1,1
TXN103895,82.78,duplicate_charge,subscription,68,590,0,1,0,1,0,1,1,1
TXN103896,209.22,product_not_received,travel,94,2445,0,3,1,0,0,1,1,1
TXN103897,248.73,product_not_received,digital_goods,29,1679,1,0,1,0,0,1,1,1
TXN103898,101.28,fraud,subscription,38,2101,0,1,0,0,1,0,1,1
TXN103899,354.66,fraud,travel,62,1949,0,1,0,0,0,1,1,0
TXN103900,152.42,fraud,general,77,1810,0,2,1,0,0,1,1,1
TXN103901,492.34,subscription_cancelled,digital_goods,62,355,0,2,0,1,0,1,1,1
TXN103902,318.3,duplicate_charge,apparel,24,1470,1,3,1,1,0,1,1,1
TXN103903,165.13,product_unacceptable,digital_goods,99,2244,0,1,1,0,0,0,1,1
TXN103904,164.25,product_not_received,travel,65,240,1,0,1,1,0,1,1,1
TXN103905,51.65,duplicate_charge,digital_goods,52,1157,1,1,1,0,0,1,1,1
TXN103906,315.38,subscription_cancelled,subscription,105,460,0,0,1,0,0,0,1,1
TXN103907,93.77,credit_not_processed,electronics,52,1987,0,0,0,0,0,1,1,0
TXN103908,178.18,product_unacceptable,travel,20,2328,0,3,1,1,0,0,1,0
TXN103909,489.47,subscription_cancelled,digital_goods,118,129,1,1,0,1,0,1,0,0
TXN103910,350.27,product_unacceptable,apparel,46,2003,0,0,1,0,1,0,1,0
TXN103911,71.45,product_unacceptable,travel,107,901,1,1,1,1,1,1,0,0
TXN103912,153.05,credit_not_processed,subscription,62,2409,0,3,1,1,0,1,1,1
TXN103913,191.3,product_not_received,travel,29,36,0,1,1,0,0,1,1,1
TXN103914,379.14,product_not_received,electronics,45,478,0,1,1,1,0,1,1,1
TXN103915,342.48,product_not_received,electronics,109,1796,1,2,0,0,0,1,0,0
TXN103916,226.93,product_unacceptable,digital_goods,113,1946,0,3,1,0,0,1,1,1
TXN103917,212.18,product_unacceptable,subscription,17,198,0,1,1,0,0,1,1,1
TXN103918,150.99,duplicate_charge,apparel,118,400,0,0,1,0,0,1,1,1
TXN103919,187.36,product_not_received,apparel,102,845,0,4,0,1,1,1,1,1
TXN103920,125.97,fraud,general,78,87,0,1,1,0,0,1,1,1
TXN103921,264.93,credit_not_processed,electronics,22,1954,0,2,1,0,1,0,1,0
TXN103922,219.99,product_not_received,electronics,70,1674,0,1,0,0,0,1,0,0
TXN103923,307.78,credit_not_processed,electronics,51,1872,0,1,1,1,0,1,0,1
TXN103924,301.99,fraud,general,15,1174,0,3,0,0,0,1,1,1
TXN103925,93.42,product_unacceptable,digital_goods,118,1600,0,2,0,1,0,1,0,1
TXN103926,19.34,product_unacceptable,electronics,72,1431,0,1,1,0,1,1,1,0
TXN103927,87.77,subscription_cancelled,apparel,12,1735,1,0,0,0,0,1,0,0
TXN103928,186.33,fraud,general,41,1126,0,1,0,0,0,1,1,1
TXN103929,126.12,credit_not_processed,subscription,100,1628,1,2,1,1,0,1,1,0
TXN103930,122.2,product_unacceptable,apparel,53,1613,0,5,1,0,0,0,1,1
TXN103931,83.56,duplicate_charge,apparel,59,1603,1,1,1,0,0,1,1,1
TXN103932,205.2,product_unacceptable,electronics,17,2181,0,1,1,0,0,1,1,1
TXN103933,33.05,fraud,subscription,14,874,0,1,1,0,0,1,1,1
TXN103934,225.68,product_unacceptable,electronics,117,2197,0,4,0,0,0,0,1,0
TXN103935,228.59,product_not_received,apparel,114,70,0,2,0,0,0,1,1,1
TXN103936,303.23,product_not_received,digital_goods,12,1215,0,1,1,1,0,1,0,1
TXN103937,880.65,duplicate_charge,travel,66,1104,0,2,1,1,1,1,1,1
TXN103938,17.15,product_unacceptable,travel,82,2170,0,1,1,0,0,1,1,0
TXN103939,221.55,fraud,subscription,105,113,0,0,1,0,1,1,1,0
TXN103940,252.5,fraud,apparel,67,541,0,2,1,0,0,1,1,0
TXN103941,87.95,fraud,digital_goods,104,1172,0,3,1,1,0,1,1,1
TXN103942,132.92,fraud,digital_goods,15,2038,0,2,1,0,1,0,1,0
TXN103943,105.26,duplicate_charge,electronics,2,1160,0,5,1,0,0,1,1,1
TXN103944,231.49,fraud,subscription,56,1597,0,2,1,1,1,1,1,0
TXN103945,325.76,credit_not_processed,travel,32,446,2,2,0,0,0,0,1,0
TXN103946,57.92,fraud,digital_goods,90,2358,0,2,1,0,0,1,1,1
TXN103947,207.05,fraud,general,41,1960,1,1,0,1,0,1,1,1
TXN103948,371.53,credit_not_processed,apparel,49,107,2,0,1,0,0,1,1,1
TXN103949,93.24,product_not_received,general,64,1760,0,4,1,0,0,1,1,1
TXN103950,75.78,product_not_received,subscription,115,323,0,1,1,1,0,1,1,1
TXN103951,68.74,credit_not_processed,apparel,9,1398,0,3,0,0,0,1,1,1
TXN103952,79.19,credit_not_processed,subscription,66,1771,0,1,0,0,0,0,1,0
TXN103953,483.9,duplicate_charge,subscription,47,2314,2,2,1,1,1,1,1,1
TXN103954,558.06,fraud,digital_goods,5,176,0,1,0,1,0,1,0,1
TXN103955,403.66,duplicate_charge,digital_goods,97,717,2,2,1,1,0,0,1,1
TXN103956,124.11,credit_not_processed,general,109,1725,0,2,1,0,0,1,1,1
TXN103957,413.99,credit_not_processed,electronics,21,655,1,1,0,0,0,1,1,1
TXN103958,65.42,fraud,electronics,91,1781,0,2,1,1,1,1,1,1
TXN103959,269.32,product_not_received,travel,84,458,0,2,0,1,1,0,1,0
TXN103960,99.87,product_not_received,general,84,408,0,1,1,0,0,1,1,1
TXN103961,58.32,fraud,travel,55,1361,1,0,0,1,0,1,1,1
TXN103962,202.58,duplicate_charge,electronics,39,1722,0,0,0,0,0,1,1,0
TXN103963,206.11,product_not_received,travel,9,513,0,1,0,1,0,1,1,1
TXN103964,220.54,product_not_received,apparel,5,2184,1,0,1,1,0,1,0,1
TXN103965,238.33,fraud,subscription,22,2172,0,0,1,1,0,1,1,1
TXN103966,195.47,product_unacceptable,travel,63,203,0,3,1,0,0,1,1,1
TXN103967,142.59,fraud,digital_goods,17,760,0,4,1,1,0,1,1,1
TXN103968,162.71,product_not_received,travel,82,1390,0,4,1,0,0,1,1,1
TXN103969,271.91,fraud,subscription,74,1227,0,2,1,0,0,1,1,1
TXN103970,190.31,credit_not_processed,subscription,42,637,0,2,1,0,0,1,1,1
TXN103971,108.72,fraud,digital_goods,11,1323,2,2,1,1,0,1,1,1
TXN103972,86.76,product_unacceptable,travel,62,2406,0,0,0,1,0,1,1,1
TXN103973,161.7,fraud,electronics,98,769,0,0,1,0,0,0,1,1
TXN103974,370.39,fraud,digital_goods,47,547,0,1,1,0,0,1,1,1
TXN103975,240.88,fraud,digital_goods,96,1846,0,0,0,0,1,1,1,0
TXN103976,383.59,fraud,travel,35,1426,2,0,1,0,0,1,1,0
TXN103977,122.51,fraud,general,10,1730,1,0,0,0,0,0,1,0
TXN103978,180.32,product_unacceptable,general,78,1615,0,2,1,1,1,1,1,0
TXN103979,200.05,duplicate_charge,digital_goods,106,1902,3,2,1,0,0,1,1,0
TXN103980,280.5,fraud,travel,106,1823,0,1,0,0,0,1,1,0
TXN103981,122.65,product_unacceptable,electronics,115,1514,0,0,0,0,1,1,1,0
TXN103982,240.43,duplicate_charge,digital_goods,13,1136,1,0,1,0,0,1,0,1
TXN103983,356.5,product_not_received,subscription,6,1150,0,2,1,0,0,0,0,1
TXN103984,148.45,product_not_received,subscription,68,663,0,0,1,1,0,1,1,1
TXN103985,78.08,fraud,general,114,1122,0,1,1,0,0,1,1,1
TXN103986,364.57,product_not_received,digital_goods,119,1512,0,1,0,0,0,1,1,1
TXN103987,255.77,product_unacceptable,general,34,1791,1,1,0,0,0,1,1,1
TXN103988,47.16,credit_not_processed,general,45,1932,0,0,1,0,0,1,1,1
TXN103989,151.06,credit_not_processed,travel,80,942,0,1,1,1,0,0,0,1
TXN103990,503.15,credit_not_processed,electronics,109,1832,0,2,1,1,0,1,1,1
TXN103991,227.26,product_not_received,digital_goods,21,1093,2,0,0,1,0,1,1,1
TXN103992,161.48,fraud,subscription,117,895,0,2,1,0,0,1,1,1
TXN103993,70.12,product_not_received,travel,98,409,1,0,0,0,0,1,1,1
TXN103994,69.96,product_not_received,general,9,664,0,1,0,0,0,1,1,1
TXN103995,268.83,fraud,subscription,101,1699,1,0,0,1,0,0,0,0
TXN103996,75.35,fraud,electronics,77,541,0,2,1,0,0,1,1,0
TXN103997,201.07,product_unacceptable,general,117,192,1,0,0,1,0,1,1,1
TXN103998,148.12,product_not_received,digital_goods,25,679,1,0,0,1,0,1,0,1
TXN103999,192.66,fraud,subscription,119,2476,0,2,1,1,0,1,0,1
